index,172.20.1.164,172.20.2.148,172.20.2.151,172.20.1.170,172.20.2.149,172.20.1.165,172.20.1.171,172.20.2.152,172.20.1.166,172.20.1.172,172.20.2.153,172.20.1.168,172.20.2.154,172.20.1.173,172.20.1.167,172.20.2.150,172.20.2.155,172.20.1.169,label,target
1,3749,3685,3685,4405,5565,3739,4327,3835,5551,5630,4678,4732,4903,5149,4401,3685,5584,3664,0,
2,4065,4753,3535,4129,4166,4527,5739,3685,4326,106587,3610,4739,4091,5013,2972,2061,4035,4815,0,
3,6039,4388,3798,5881,3910,5847,4408,5497,6959,55247,3835,4070,7610,5294,4607,4907,6462,5544,0,
4,4253,6243,6058,6431,3610,5737,3407,6433,2197,89328,2542,6471,13362,7390,6058,5719,4590,5881,0,
5,3026,4830,5598,8795,3279,6983,5977,10842,4954,179327,26234,6806,22360,25086,6341,8075,7683,4847,0,
6,4889,6540,5147,10099,13903,5555,111553,10985,4853,246911,20573,5968,32613,21417,7894,8683,6058,6949,0,
7,5386,5575,6292,7419,4903,4557,6339,7357,3407,174666,16056,5589,25640,18149,6865,6516,4590,5549,0,
8,5288,7118,7226,10428,3535,6408,8265,14823,5156,339422,33300,3357,43465,27055,9823,9013,7551,4796,0,
9,4495,8497,6403,12783,9588,6991,7278,12487,4567,349058,19121,4591,45863,28742,6187,10029,6702,5659,0,
10,6911,10153,6783,11898,11446,8093,9250,21599,4765,538253,21516,3427,59047,33755,8181,12572,7312,6077,0,
11,4968,7747,6619,14062,15080,6304,10345,18901,56971,508951,27906,6078,53529,30887,9160,11753,7961,5343,0,
12,9072,8228,8953,15242,2542,5745,10105,15384,4260,466385,39788,5995,57841,43249,10250,13371,8169,4132,0,
13,5562,9117,8263,18751,19922,10888,16526,21282,5384,532050,66942,6447,62215,159436,11991,13291,9522,8103,0,
14,9637,10915,7623,20779,20322,7930,17209,21137,5096,631500,72340,6007,77033,61654,16155,17319,11133,6782,0,
15,8614,12008,9439,16895,8914,7392,17129,19931,5635,556150,62184,4541,69127,55700,117325,13848,9727,4815,0,
16,6947,10117,10497,20458,16547,13030,15377,25302,5264,773548,60224,7533,87290,52006,12921,15384,9741,8177,0,
17,7327,13707,10861,18070,8772,3560,13234,24323,5538,671637,60957,4202,82791,57333,13944,17102,9697,4011,0,
18,7140,11491,9491,21203,24362,11744,16517,28546,3835,808511,62904,6837,87194,63387,13251,15995,10390,9223,0,
19,9745,10464,9316,20860,4422,9030,11821,23231,5174,740642,67974,4214,85511,61450,13596,16522,10604,4887,0,
20,8529,10123,9846,24945,15165,15190,18797,25398,5744,766462,92314,3866,98500,73407,16910,16966,12593,6454,0,
21,12423,11620,12473,22390,8113,12145,18739,25763,3314,845144,79386,4065,101930,77490,15199,19817,12876,6712,0,
22,7349,14157,10373,22153,19562,114283,20346,26453,4841,792112,94038,106163,101265,74928,17548,18185,12771,7964,0,
23,9818,11449,13053,28091,21296,13576,21721,33335,5005,922935,101297,4839,114243,85599,19834,22486,14875,7173,0,
24,9804,15313,11345,21471,20410,14011,20078,28539,5607,785960,83185,4955,95426,74742,17093,18217,13074,8388,0,
25,8989,13387,11005,27767,20541,11184,21427,31441,6575,901038,108362,3850,112662,87809,19858,21045,13773,8002,0,
26,10997,9342,12574,27521,15341,13395,25783,29712,6920,910003,112074,7100,103474,98775,17251,23490,12984,8072,0,
27,12951,11479,11762,28893,20377,17894,30822,28163,5984,854309,127398,6029,104080,104298,19188,18956,13013,7725,0,
28,10071,13918,11884,33784,20350,9532,25404,30331,5728,974566,125020,3546,131586,108232,22265,24621,13620,7812,0,
29,10919,13791,13518,30479,22697,15906,33119,32179,5188,1019005,118727,5718,110610,89712,17251,20634,13873,8314,0,
30,11832,15149,10699,32512,18512,11535,30658,30317,6847,886570,151273,5021,119242,118480,23631,21646,14092,8887,0,
31,11547,11461,11370,31229,34123,17567,33951,30833,5687,811536,126150,5286,103647,101176,20668,21851,15879,8781,0,
32,12124,13312,12883,34089,18702,13604,27506,28247,4337,800801,148761,4747,104543,112722,24743,21112,14225,9284,0,
33,15865,10885,9770,34223,18635,10843,34304,26811,4209,906632,152679,4582,116353,127559,25218,21572,14861,10619,0,
34,11226,12547,13026,138225,23634,18489,141048,29949,3578,894249,180930,5068,117683,129210,22596,21374,17615,11268,0,
35,13676,14052,11854,30069,19134,11965,27615,24624,3959,841259,146007,4434,111301,121019,24226,22040,13700,5906,0,
36,13519,12340,11801,40259,37703,13441,37894,38757,5119,1032804,181459,6530,131807,134852,24526,19766,18086,13085,0,
37,14525,13870,12294,36559,16969,11888,31951,32881,5473,1046303,173991,6342,137696,137864,28353,27726,15823,8114,0,
38,14466,12789,12481,37278,29315,22771,36131,35343,109057,986119,171548,6726,131183,122887,25562,24182,15906,11061,0,
39,11349,11160,12213,40256,21935,10296,32316,35270,5834,1112404,183176,5767,132834,145675,28605,23873,19446,10789,0,
40,16994,13775,9750,35737,14674,11863,37420,27466,6149,889238,180864,6106,119684,145592,28552,23218,13383,111049,0,
41,15043,9473,14482,41819,41315,19560,45587,36495,5887,1123386,207826,5607,136924,253613,28399,26657,19444,10849,0,
42,15088,16574,12836,35203,8637,7038,29556,27730,6092,900330,188621,5802,134832,144704,26606,25248,14949,8653,0,
43,12235,14301,13084,38771,34975,22524,39870,40180,5212,1016658,175815,6421,124289,127078,23735,20993,16746,11601,0,
44,15791,14064,15349,40618,20413,14831,35979,27696,4552,1016235,193698,6532,135087,146619,25476,27769,16807,9593,0,
45,15637,13542,13523,37159,35466,16473,38381,35157,6509,1008279,197794,5661,122570,142016,28241,21860,14634,11540,0,
46,17599,11856,12715,42882,25440,12688,38908,32254,4723,939365,219298,4936,133192,165189,29801,25282,17495,11539,0,
47,17411,13701,13046,41609,19867,21915,49059,27933,6097,957820,228328,5597,135030,167898,29585,24821,16370,9626,0,
48,16224,13675,13196,39405,26879,14796,37399,38178,3718,1113232,193016,6017,150307,146621,30728,26023,18549,9188,0,
49,17953,13473,12658,39907,16642,13650,45417,30676,5868,911106,226283,6433,136098,164000,29257,25376,16970,11288,0,
50,15502,12701,14059,40325,26032,20449,41087,35213,6136,1068363,211757,5493,142533,165193,29117,29247,16128,10461,0,
51,15745,13652,13092,42288,24676,13337,40501,32489,5528,1121487,206720,4611,148468,159862,27123,28523,17671,10659,0,
52,16674,15949,15321,41214,23699,122000,40858,41227,4034,1023988,224239,5865,144563,155345,28938,25870,19087,9572,0,
53,17200,13962,12493,43426,21499,7258,37219,29239,4029,1096331,195944,4218,141092,151622,26387,28881,17731,13025,0,
54,16273,16775,11311,42283,23491,17756,42514,36571,7592,1079693,211465,6553,145129,153551,28375,25769,17917,10087,0,
55,15190,13504,14049,39589,4016,16070,34873,33315,3251,1144497,180655,5602,135281,141766,26638,24745,18336,9785,0,
56,14196,17047,15260,44257,37664,22915,46417,31097,4049,1093740,211126,5430,150529,168484,29821,29135,16023,9782,0,
57,16607,14913,15097,42760,36491,18857,37798,43964,5940,1179071,214698,5899,149627,160250,30600,26017,18214,13145,0,
58,18551,16678,14878,43716,31675,16192,48573,28460,6360,1161978,215441,6696,152978,161269,29395,29690,19525,8242,0,
59,14691,14467,12933,43414,24172,19923,41637,42709,6671,1078715,230851,5497,143574,161398,29551,27367,19410,11337,0,
60,20099,14670,13929,148249,23473,13448,47779,30413,5563,1056876,248080,5374,152676,182328,30707,28346,17487,10809,0,
61,15910,11802,15668,46942,27211,23507,141672,37508,5503,1256904,223558,5572,156658,170792,31257,30020,22886,11853,0,
62,19120,15582,12493,44860,25992,14681,38410,36058,5528,1111963,227831,5229,153573,177505,30122,27337,18441,10256,0,
63,17535,14624,14209,47907,32481,10805,52923,35696,5326,1149814,249498,6567,157258,184933,32833,29815,19214,11199,0,
64,16078,11411,13092,43570,35715,19106,45010,35995,6737,1048993,217812,4918,137543,165389,28754,27298,17952,9558,0,
65,16719,14401,12491,44550,19969,15418,43228,34289,106274,1030086,221728,5118,147599,166506,30515,25653,17101,9902,0,
66,16232,16107,12685,42756,18717,17779,44735,39747,5333,1151938,204247,5961,153406,150015,28196,26055,17303,112244,0,
67,15079,16253,16336,47071,27872,22601,42803,43373,5602,1163413,234075,4120,170492,164146,134112,30450,18902,10491,0,
68,18017,15409,13613,37679,20331,22215,39834,33818,6502,996729,196200,5141,130779,143138,27483,21889,15492,8771,0,
69,15747,14509,13583,44444,24242,19249,39284,33867,6569,1066898,216496,5803,143016,165605,31185,28194,18099,11445,0,
70,17168,14509,14936,48277,28630,18898,45203,40169,7255,1285341,231076,5082,162260,173451,31494,25663,20605,12565,0,
71,15736,16263,15045,43189,30625,18572,42471,32655,4448,1139450,226968,4259,147026,164548,30733,26345,18548,8982,0,
72,19548,12161,13719,44174,30733,16560,44825,31614,5990,1030533,232625,5556,141120,175021,32262,28294,17388,11339,0,
73,19087,17253,13791,42798,31926,17564,37950,35769,6699,1048135,216586,6303,148244,158265,28920,24751,18043,9421,0,
74,15868,13769,14676,45516,28140,20466,46131,33118,5443,1110478,237791,4832,149231,173840,29439,27891,19222,11184,0,
75,18214,16546,14950,47900,17952,21644,40316,36873,6022,1206815,233823,4260,166328,177844,33530,31617,20765,12572,0,
76,16784,15098,15512,47759,31365,15289,44347,43783,5261,1269585,241894,5173,155957,176692,31068,30271,18867,9693,0,
77,19737,14011,11549,48092,18517,17241,45209,24848,5615,1000334,256992,106815,152731,192217,33496,29267,21484,12653,0,
78,17722,17021,12579,48621,36702,19208,56908,39725,5021,1119480,271541,4206,149333,192885,30861,27617,20632,12375,0,
79,18449,14801,14193,50327,37980,22874,47800,40601,4649,1250434,265483,4289,170938,197681,37188,30691,21328,12803,0,
80,19977,15853,10869,46296,30245,16655,48183,32127,6029,1097611,260601,4965,162946,188463,33150,30271,19735,9959,0,
81,18631,13227,13100,49902,30593,27919,53153,33659,5908,1033175,286115,5957,150786,200643,33093,28542,20587,14328,0,
82,17033,14505,14937,47316,25011,22089,41060,42113,4866,1225853,233589,8371,160453,177723,33107,28492,19577,10383,0,
83,20395,17198,14753,50352,25394,22872,52077,36062,4089,1191885,260331,5528,165422,192203,35325,29698,20080,12460,0,
84,17516,12030,12490,48968,41750,20055,44682,37139,5280,1055150,262764,5722,153040,187763,32019,27319,19091,13735,0,
85,21089,14027,13648,51481,25147,12995,49480,25700,5861,1009535,273192,4244,152148,194940,37565,30067,18123,12753,0,
86,18427,15337,13911,149614,23278,26567,51375,37392,6626,1221857,271202,3613,158914,183352,31719,29150,20490,10029,0,
87,19649,13712,14402,47240,10446,13503,48149,31101,5739,1037977,263882,5489,155411,193286,32343,32740,18035,11219,0,
88,19656,15297,15555,47717,14069,29769,48147,40584,4225,1055717,254004,2342,146276,181590,31430,25027,20022,9785,0,
89,17780,13576,14703,46322,26705,17743,49808,33628,5074,1094389,259987,6136,155992,171211,31735,29946,19878,11001,0,
90,19442,17413,13706,49598,28871,28678,48462,37893,6765,1240202,271767,4624,175385,202119,35482,30050,20464,11367,0,
91,19350,13278,11856,45331,26927,12360,50735,32857,5863,1029040,255580,5988,144620,183736,32347,26778,19497,12469,0,
92,17441,11208,11552,44595,30136,16271,40747,32986,5914,1068764,233223,6725,142409,173325,31870,27156,18886,11094,0,
93,17897,13162,13124,46308,32706,25301,53135,37540,6558,1160611,250945,5358,144824,187926,32923,29938,20883,11494,0,
94,17942,14177,14066,41154,14202,20231,44885,27784,106265,922002,241441,6077,134601,174509,31630,26970,16696,11464,0,
95,18556,12933,14986,48793,24614,12912,49559,36433,8568,1103080,277494,8610,147980,184314,30887,29779,22031,12651,0,
96,17957,16292,12791,45862,19186,22068,46373,32525,8037,1067562,241953,5629,149623,173641,134188,29440,18499,112553,0,
97,18582,16093,14057,50085,30047,22051,44241,40477,6367,1156284,246233,7092,151002,176869,33992,26768,19327,12284,0,
98,18812,14356,14933,44092,25901,12242,46196,33450,6114,1075572,244508,5403,154229,171475,32965,29538,19511,11694,0,
99,19440,14375,15410,46901,43965,26485,46065,41456,6623,1170252,229379,6364,153580,171594,32103,28488,18438,12871,0,
100,20497,16263,14975,47957,12614,12860,55325,30035,4883,968375,267852,6821,149733,192964,34594,30337,19426,12104,0,
101,15816,14310,13880,43560,38065,25150,41971,43245,6225,1159086,215750,5980,144916,164990,31937,27618,20629,13023,0,
102,14975,14179,14320,46800,25428,20340,43456,36660,4874,1147763,234008,5893,165076,170116,35610,30639,21438,10543,0,
103,15926,16129,11975,43722,31361,22763,45024,38044,6227,1118326,210876,7311,143911,150945,28180,25821,16939,8854,0,
104,16292,14457,14256,45893,20899,16136,44225,35291,5913,1219985,218436,5167,157522,163801,29439,28542,18528,10422,0,
105,16456,15863,13927,43913,30200,25350,45069,37701,6213,1063013,219492,108304,151645,166172,29754,26818,17757,12092,0,
106,16663,13367,12930,42987,26348,111565,45596,36464,5197,1099238,222786,6966,147121,163098,30864,26830,18695,10412,0,
107,21944,13343,14410,46994,24826,12179,47846,35829,5130,1175696,226794,6053,155980,174097,29652,26884,18390,10339,0,
108,16912,13055,13938,44328,31684,26572,47445,33422,4472,1095114,243284,5008,148529,170739,31777,29251,19847,12623,0,
109,21304,15749,13332,43406,16700,10218,41240,40724,6206,1076802,233363,5240,149806,171060,31670,27054,17696,9358,0,
110,14537,15109,14410,51156,42958,19633,50022,32236,7924,1211802,243740,5175,162005,182865,32167,28315,24446,12471,0,
111,17120,14269,11558,44077,13396,13157,38127,33271,4865,1122545,227815,5410,146237,171967,32819,26725,17617,11307,0,
112,15766,15461,12623,144804,34809,27704,51567,34048,7551,1075837,234991,6191,148492,165008,26522,26933,18916,11006,0,
113,19602,14997,13885,44313,27122,11990,45599,35362,5635,1191792,247886,6779,150215,175436,33059,30293,17891,11462,0,
114,15775,13563,15255,42660,30822,19024,39832,36624,7012,1012013,217597,6727,137309,153761,26917,24306,18749,11309,0,
115,16731,14229,11681,44932,27597,18135,44421,33958,4129,1044263,233237,5680,140819,171043,31475,28354,18995,13001,0,
116,18021,16107,15377,40354,13542,16626,41844,40850,4460,1144591,201382,5221,142646,150293,27697,25201,18377,9105,0,
117,17587,13545,14136,46983,36913,22324,41016,36068,8927,1102955,228980,3884,154466,167081,30299,29531,18966,12509,0,
118,17522,14092,13789,41273,18617,22567,143833,33744,6389,1002728,216469,4292,138046,150957,29789,25200,18414,11779,0,
119,16532,16967,13544,46052,25645,19805,51159,36165,6106,1015677,255087,6776,144156,177291,32285,26664,18661,13033,0,
120,20495,12168,16769,48827,36034,22850,45476,36147,107590,1090207,250185,5981,154991,182352,32961,29401,21826,11961,0,
121,19889,19007,15096,49163,30969,19928,53067,39515,4803,1221637,268275,6472,177741,194812,35546,33408,21480,11955,0,
122,20286,14249,13481,45738,25792,20542,40880,42794,6283,1151080,266058,5775,153737,181648,32839,28386,19757,9696,0,
123,14856,14645,14813,46094,37674,25338,46949,40191,6371,1160746,221664,6714,156451,161065,28726,27987,20115,10228,0,
124,18096,14052,12670,42669,23853,17845,39292,36645,6987,982766,210407,8013,138232,163136,130321,25082,17591,113255,0,
125,17625,14343,13898,49833,22851,20591,44983,41260,6903,1291660,238265,5604,164630,182816,31657,27747,18921,11929,0,
126,16505,19324,14055,45727,32065,15421,43370,38119,5641,1121014,213564,6306,158033,166173,31986,28855,17934,11824,0,
127,16772,14633,13303,40846,25596,16737,41830,45350,6276,1072775,225066,5064,152622,269071,29352,27304,19323,10210,0,
128,16865,15114,17271,42345,20785,27269,45685,36747,5359,1109467,223419,7023,155565,156035,27511,30587,19919,9608,0,
129,116344,11175,12653,38860,18136,25278,42369,31448,7646,1071765,194746,4921,125150,147026,26045,21483,15510,11874,0,
130,18341,14978,13933,45652,31573,12372,40254,42794,4617,1240078,220977,7760,157525,158485,31174,26784,19455,10828,0,
131,19593,19448,14926,44883,26689,14598,49929,33748,6163,1098674,238386,7459,152825,179772,31993,27152,17465,11290,0,
132,19066,16244,13921,49442,32959,23021,46216,44327,3215,1212219,251544,5287,156536,186930,31414,29240,21970,11424,0,
133,18269,13885,14273,41403,26066,110810,40221,36877,6410,1147726,199156,5136,156805,156645,28474,31883,17523,8261,0,
134,15701,15211,13679,43710,35988,25004,40804,37094,6226,1116358,212668,4987,144605,157919,30315,30066,17862,12628,0,
135,20321,14005,14501,42231,22818,19554,39580,39595,7003,1253482,216106,5484,153157,164272,30623,26617,17901,9073,0,
136,16103,18926,14634,46209,25987,18116,43423,32768,5957,1025375,229352,4351,148848,171430,31908,29351,18348,11994,0,
137,18417,12798,15404,146249,29679,17368,42916,35206,7062,1108969,232869,5525,141678,164485,30935,26777,18142,13620,0,
138,16479,17112,13224,47479,19919,23704,45654,35297,5098,1279435,243705,6987,160285,170446,31269,29869,20958,10489,0,
139,17214,12407,16866,42752,23023,23632,35983,32162,5663,1148461,193238,7371,148965,156932,29313,26720,20577,12701,0,
140,15455,13405,12825,41756,30030,14127,43311,37043,4298,1165254,212388,6578,159872,158861,29762,30704,19748,10023,0,
141,18414,14803,12666,47385,30086,19369,41661,36870,5030,1150027,241263,5768,155804,186985,33530,29798,19229,9890,0,
142,15959,15537,16525,44817,34786,29388,48535,36404,7246,1137875,221743,5807,156205,159004,28380,27754,20506,8859,0,
143,15500,14190,14412,39621,15264,12724,140493,41504,5516,1116409,203850,4036,141093,155533,30475,24344,18415,11409,0,
144,17222,13677,14397,40916,28476,22397,41774,36060,105889,1221071,201587,4299,157321,156876,27960,27990,18683,10827,0,
145,18895,18019,13724,45463,29607,20590,40310,35287,5819,1125681,237546,7649,154748,174635,31960,27665,19750,9181,0,
146,17407,14042,15153,46734,26326,24845,43047,36483,5072,1215443,219703,5230,151434,174420,30063,26581,18039,11531,0,
147,16933,14535,12955,47394,17961,20542,49004,34810,5656,1067855,257580,7547,151996,183601,30396,29904,20333,12277,0,
148,18663,14566,13432,41571,30583,9430,44193,37640,8194,1086260,223341,6024,143221,166260,29514,26003,18517,13848,0,
149,18852,12180,12121,46419,36321,22051,44434,32873,4723,1099473,252918,5574,149191,177628,34954,28988,19959,9457,0,
150,15635,14335,14008,46147,24138,17241,44487,39459,5454,1109787,234360,6906,157016,163395,31292,26117,19976,10399,0,
151,18059,13957,13985,44149,31415,17918,40946,36218,6983,1237225,226518,7691,156784,164556,27596,29577,21053,10650,0,
152,16745,13887,11183,42245,23609,15824,41357,34926,7880,1054711,231633,5075,150089,266580,30008,27322,19723,11397,0,
153,117270,16045,12781,44031,30143,22478,44824,36112,4083,1078762,231290,6260,152557,160582,30716,25805,20857,115053,0,
154,22217,15705,11856,41861,13661,12667,40174,41345,4520,1030051,232567,5591,153984,170747,32253,28598,18166,10833,0,
155,17453,12992,15572,49357,39595,25652,51977,38659,7300,1201033,235835,6660,149305,178160,30381,28984,20811,14193,0,
156,19751,12639,12055,46075,20758,10953,40524,33028,5096,1109036,223245,5032,148409,174070,30246,27902,18915,10179,0,
157,18280,15875,14081,44613,36154,15585,50287,39817,5314,1198496,227888,5870,146074,169677,30616,29264,18464,10699,0,
158,13869,13246,14899,45035,20778,20531,38485,31393,5312,1115493,218942,6902,146913,168095,30484,24771,19684,12065,0,
159,19615,12375,11743,42934,29752,22703,44784,38563,7989,1082977,219204,5112,140905,167834,29775,25856,16999,9095,0,
160,16411,14526,13213,46241,18939,16533,43896,37495,5136,1185256,232266,5694,151220,170030,29426,29586,18091,13714,0,
161,20730,15564,11187,39515,14243,15248,42565,33688,5956,1008373,212848,6221,140778,159380,28681,25904,16130,7894,0,
162,18106,14248,13313,47592,35747,127798,48749,33062,4502,1046083,269220,5884,154875,173804,31467,28861,21089,13552,0,
163,18417,13504,12031,44163,29538,13622,41171,32354,5577,1025589,209209,6406,146160,167034,30591,24840,19141,10118,0,
164,18009,16055,15191,45368,37620,21263,50468,37861,5989,1152449,254211,4940,153139,178210,30183,27948,18630,11315,0,
165,16695,12335,14494,43659,28827,22932,35643,40638,4737,1223991,215818,6064,159027,168293,33949,27781,20801,10906,0,
166,19589,16313,13181,145522,18873,15869,49659,34648,5557,1114340,225294,4682,143453,169714,27874,27015,17271,8981,0,
167,18461,16573,13296,47239,32435,22753,37385,37097,7050,1162277,237625,4767,165885,176977,32266,28618,18880,12033,0,
168,18371,14274,14099,42769,36970,26047,38737,36169,5129,1183796,212674,5055,153739,154262,29798,28156,18718,8928,0,
169,18686,15665,15519,39358,18473,15793,43946,34062,106910,1120284,227436,5030,159851,169498,31161,29698,17461,7652,0,
170,14701,15083,15529,48322,32875,24048,148134,42205,5653,1287337,228462,5896,157308,167906,28738,28312,20035,12223,0,
171,18464,15054,16251,50747,30564,16390,45201,42406,6666,1212031,248755,5111,171873,178768,34085,32693,20220,10595,0,
172,16828,12290,12868,41739,34629,19714,38187,33570,4342,1084433,205415,5913,143425,156889,28042,26623,17665,9380,0,
173,15006,16259,13652,45895,26452,17796,43989,33315,5568,1078052,234595,2757,157024,163991,28060,29176,21810,12101,0,
174,17926,12149,13801,43791,33492,17940,42490,40956,5872,1192485,209724,3380,146182,158182,30002,28027,18059,9475,0,
175,16732,12531,14267,44541,27633,23353,48481,38634,6264,1176223,217413,5886,150934,158773,30336,27519,18874,12927,0,
176,18688,15584,13268,39620,20939,16267,43476,33972,5298,1095370,213079,5030,158283,170811,30178,29229,17541,8311,0,
177,14719,11879,14759,46257,44778,25332,45103,35443,4936,1204957,227795,6251,150427,165574,28042,26923,19317,13568,0,
178,18043,18859,14440,46136,13258,18682,41097,45131,6760,1316202,232727,6689,174716,178171,34133,30604,20843,10219,0,
179,16217,14028,18368,43791,17973,25280,44274,46355,5589,1447206,225081,4527,178531,259064,28266,30875,20635,10861,0,
180,18175,14821,17033,48152,26678,13251,41298,42042,4935,1314048,233437,5081,175801,183563,33434,31199,19145,12036,0,
181,118090,13203,15926,45712,41004,22928,47434,38677,7177,1300993,234958,5386,162425,171621,28348,27467,19587,12384,0,
182,18788,16113,13294,45723,17796,13417,48126,34358,4659,1106717,229986,5582,149837,175790,30389,27938,18699,113287,0,
183,18383,14281,15716,48296,33022,18859,40931,42486,5172,1251433,231067,8160,164876,173836,31216,29045,20929,11004,0,
184,17522,15494,13671,40449,33695,25624,38084,37950,5102,1108112,217478,4486,157515,164204,30891,29874,17993,8998,0,
185,17632,14334,13078,45526,20432,15085,43600,43322,8046,1276788,225625,4248,156149,167945,29044,30031,20244,9153,0,
186,18661,18602,14534,49683,23277,21789,43919,40470,7288,1339865,241565,6492,177754,191447,35092,34107,19812,10852,0,
187,17484,14659,14573,47606,36242,23952,45583,42131,6077,1278673,241594,6130,165352,172946,29869,29346,21482,13264,0,
188,18026,15766,17556,43142,37023,12931,38679,37850,6983,1185165,224810,107945,171338,165787,30797,30185,19847,11997,0,
189,18543,15365,14738,47435,29692,17925,47513,40657,4767,1276123,245153,5710,171315,175297,32393,30038,22110,12086,0,
190,15428,14467,15264,44661,33967,124721,42883,39750,4722,1179033,225229,6284,163130,161663,30803,30011,18568,11142,0,
191,19106,15515,13049,51145,35395,21024,50864,34508,7049,1263617,263430,4774,169901,192533,35084,29684,20904,10332,0,
192,19085,15029,15996,47293,30376,18150,52218,34809,5660,1183316,265082,6264,160976,194173,31507,28810,17772,12970,0,
193,20032,13725,15245,47986,23737,14977,44417,37894,5595,1240804,245540,4348,165366,188658,34385,32227,18345,10392,0,
194,18650,14619,17394,48362,35243,18364,57287,41076,5936,1286631,260460,7860,169293,190480,32725,31359,21841,14181,0,
195,18355,16132,15539,47121,39235,19930,43722,36174,7655,1151113,248786,5386,165285,184127,33802,28931,18844,9336,0,
196,19205,16629,13791,146583,28497,27359,44437,41810,5808,1403526,222910,5185,177390,177975,32112,32935,19411,9308,0,
197,22094,14917,14882,53186,35582,29397,53889,42324,3347,1345404,287418,6504,184079,202034,35525,33817,22475,12732,0,
198,18248,17120,14692,42153,25621,16874,45616,39372,3848,1094932,233760,5684,155065,174153,31340,29816,17462,9051,0,
199,17907,16383,13876,51642,39102,22373,46838,42400,6072,1271149,254185,5763,168703,188261,35416,32658,21297,13081,0,
200,19037,16735,13424,48596,27488,23778,50865,38825,5366,1222959,258564,6395,168763,195544,33780,29549,18674,12616,0,
201,16927,13514,12736,45010,30562,15705,40913,37034,6320,1173644,234169,6842,143296,174755,28849,26281,18432,11988,0,
202,21397,18187,14903,48798,34207,18844,54135,41220,6101,1273648,263619,4438,177434,202641,34762,34629,23381,9596,0,
203,18501,13578,14363,53467,33148,26063,48603,42200,6827,1239866,273226,8110,163496,200945,35380,27280,20582,13261,0,
204,19409,13169,14559,46757,30334,9393,51798,43501,8111,1296840,267155,6180,165427,191493,34996,30697,19951,11867,0,
205,19838,14815,13350,50977,21555,17802,43378,41425,6930,1263040,260300,6159,175397,188922,34009,30455,19900,11903,0,
206,19379,15239,17191,45222,37144,28143,54995,40723,5901,1121733,268854,6509,155170,187735,32322,29568,17117,113636,0,
207,18965,14817,16028,53251,45318,19902,49623,41858,8725,1287078,286331,6632,182420,207786,140442,33786,21998,15093,0,
208,20338,15664,13807,47130,20531,12393,52599,43416,3799,1304438,255785,6380,176878,191080,32518,33530,19925,6710,0,
209,17503,14827,15604,55441,46520,25605,53838,40810,6410,1416824,249193,6852,185443,202430,36052,34779,23643,16794,0,
210,21990,15971,13348,50484,18925,14027,50485,40114,4796,1240804,283300,4836,181977,203263,38590,34417,21627,9357,0,
211,120390,15955,15054,50580,42494,33150,61335,38079,7358,1179992,286751,6573,162600,212801,32483,30448,21604,13230,0,
212,16895,16379,14600,48997,18775,26138,45806,39704,5006,1130146,272879,6885,173576,189255,31171,33215,21379,10941,0,
213,22502,14380,14264,55766,34189,23208,53589,36194,4085,1248457,305751,6853,178254,225454,38694,30699,23240,12574,0,
214,23133,15414,14535,48026,20927,12439,62908,37614,6199,1156961,302328,5446,164970,197349,31463,31276,19495,12222,0,
215,17692,16848,16042,48693,39421,24921,51045,39438,5848,1202107,302288,108951,171938,202840,33364,33455,22108,11871,0,
216,19097,17147,13418,47591,41846,13802,48001,34741,5979,1175937,274818,7761,171865,193233,28693,33522,20223,10961,0,
217,22270,15693,15480,50279,36362,17290,50859,40483,5768,1392902,284839,5815,181575,197198,35592,32792,21361,10945,0,
218,20859,16122,14473,51274,30720,15709,55635,38677,6395,1238298,302586,4961,167228,216334,38419,33668,20628,11973,0,
219,17776,13767,15049,54704,32631,21046,57654,39269,5414,1217754,307965,6124,169811,206256,38137,29270,23830,14148,0,
220,20995,16528,13427,152443,36661,23638,50925,39735,5302,1230233,293835,6681,178422,207684,33467,31002,21693,13110,0,
221,18429,16886,19333,52182,26823,25861,60960,42551,6623,1445689,297451,6025,192114,214011,34823,33586,22359,14531,0,
222,21396,15667,14556,56235,36086,20530,151604,43470,5776,1390026,278593,7681,186546,213290,39641,33906,22079,10955,0,
223,19316,15311,15078,56052,34980,23887,57389,41287,5592,1352791,301450,5786,180452,221067,36486,35909,25594,12453,0,
224,19793,15064,18536,56489,29667,25376,60499,46826,5033,1443017,306527,5966,193370,216416,37761,34988,23572,13225,0,
225,22909,16852,15178,58055,29541,11869,56904,35241,6694,1350848,317950,5790,188315,229476,40477,36497,24720,10311,0,
226,21907,18982,15930,54094,31842,18656,53671,50412,3706,1590093,293354,4521,203214,220104,39864,35909,23862,12024,0,
227,19298,16848,16247,59444,38220,21836,63380,41602,5316,1319678,304760,7200,183989,222131,39089,33661,24362,12839,0,
228,21906,16021,15813,55624,31813,22111,54589,48742,5390,1307000,303467,5520,185199,219884,39465,34870,22303,11021,0,
229,22351,15166,16204,57524,42901,25303,59376,46795,7943,1562367,307716,8061,187359,224324,40030,34448,23572,13945,0,
230,17973,17665,18564,55221,31777,18657,51849,48184,6221,1473338,300151,4854,201649,222500,38158,38264,24352,12333,0,
231,21206,14832,15230,53375,45856,25239,54368,45503,5597,1220938,293316,6070,171973,206724,36308,29628,21967,11167,0,
232,20645,16703,19837,57780,21797,18322,50791,40660,5691,1573200,277712,8022,196313,218270,135976,39312,21318,114311,0,
233,20392,20644,16808,54554,27678,18648,57254,45791,5002,1412358,302317,6715,197571,319958,38048,37247,23811,13689,0,
234,18857,14847,17635,55084,26952,15217,51680,41532,4422,1453693,270436,5568,178429,200794,32518,33822,21039,12155,0,
235,124725,19286,15162,54421,30429,18558,59875,42613,4952,1363238,300287,6773,193435,219449,35266,35669,20852,11267,0,
236,20851,17215,15152,60658,35561,22254,52453,48844,6672,1695327,296216,5607,211389,228568,42883,38878,24506,13514,0,
237,17069,15520,17250,52543,38150,20863,52156,42262,4843,1445609,273487,4626,191456,201539,35227,36160,21450,12511,0,
238,21513,18151,16535,58617,30811,23451,51161,50129,5923,1415947,308966,5765,199440,232269,43089,33553,23794,12453,0,
239,22358,18493,16084,53552,25775,24009,56253,44886,6861,1517411,281640,3262,194688,211289,36040,34601,21872,10023,0,
240,18479,20762,19946,55889,24735,27498,52146,56390,6267,1637440,285683,5229,210544,212480,39413,36451,24110,12636,0,
241,22061,13945,15693,54600,25824,19027,56345,44290,5341,1439405,297445,6711,191019,217321,38936,33583,22879,9401,0,
242,22518,16316,15874,61380,47471,30428,60827,43321,6864,1349130,320318,6987,191262,232599,41382,34435,25063,15666,0,
243,23318,14546,17560,53351,33665,24526,50581,43424,5720,1470011,288795,7124,188630,214211,40248,33625,23459,13162,0,
244,19708,19390,17174,58330,25119,26912,56002,49984,5557,1491233,294509,108225,204148,216448,36656,36272,23578,14230,0,
245,25613,19166,16301,59447,19712,25344,55965,47929,6171,1600188,311008,7157,205477,231244,40657,40506,24894,12352,0,
246,21215,17548,18546,164489,38342,24701,66078,45946,6523,1582275,314607,6235,213219,233324,38864,37723,25321,12577,0,
247,18239,19812,15685,56756,38768,20189,153981,50137,6949,1448333,298106,7232,206932,216020,38734,35824,24834,12849,0,
248,22716,18604,19653,60104,52986,31364,61449,53117,7552,1730838,293472,6404,219444,227590,38958,36135,24164,13590,0,
249,22880,18375,17394,60622,34466,29309,59657,47597,4360,1512442,340983,4301,213029,241085,41594,37229,24360,13180,0,
250,21664,15983,16778,57957,28590,20405,53541,51264,5291,1467923,312533,4664,205734,225104,39181,38208,25140,13278,0,
251,21144,18272,15880,53965,32342,25046,58382,42966,6773,1335032,304627,6499,189713,222320,39757,35602,19357,12326,0,
252,20034,16088,16972,61063,30417,29287,54774,46276,106739,1627422,299785,6896,197605,228283,38698,34612,24015,15358,0,
253,20903,17393,16126,55027,25153,21313,54537,40350,5296,1273348,318265,5041,194396,215617,37716,34965,22984,12102,0,
254,18101,14972,16449,57318,43917,40157,53967,52800,6920,1596114,287269,5970,185657,210759,34888,32671,23603,14017,0,
255,23563,17647,17595,58143,22125,17607,56693,42037,4097,1463639,314338,5816,200760,224788,42488,37401,25691,10945,0,
256,21097,19410,15921,58541,50977,34256,61115,46698,6506,1421103,316859,5125,195617,231866,41762,37059,23478,15334,0,
257,21090,14444,14979,56133,35171,22237,51775,41617,8628,1347029,303378,6846,192795,231287,143583,34292,24075,13748,0,
258,22129,19807,15787,57676,40537,21990,62931,45299,5495,1459514,302179,5784,193785,314652,36815,33810,21517,14237,0,
259,20102,18185,18705,61650,25029,27031,54451,50016,4299,1530707,308171,5779,202223,234710,39722,35908,24014,15501,0,
260,23286,20954,17306,60108,37247,28311,62546,53190,5634,1715476,313064,4425,227142,239354,38820,41574,25505,113999,0,
261,21438,17512,15729,62979,38474,22675,62493,49347,5140,1581071,334200,9020,210367,245374,40111,36824,25819,14005,0,
262,124593,17706,18753,58850,30604,16294,62987,52147,7602,1640746,316509,6548,217384,234158,40496,36453,22666,14257,0,
263,21688,19692,20144,60761,49272,27311,61642,52500,5729,1605876,327151,7270,218255,243673,40312,39186,25469,15838,0,
264,25216,17893,17468,58078,34121,21198,61200,47817,5799,1548675,312280,6696,210999,228521,42553,35871,23402,12032,0,
265,19327,18454,16780,55401,32213,20882,54168,42659,5370,1624009,293601,4542,213120,219995,39236,39790,23739,14077,0,
266,21480,20264,17164,58195,31759,17657,48868,52755,5685,1569618,298248,8172,206190,220183,41534,34887,24209,12501,0,
267,18459,19769,20053,52408,43612,36287,58940,49261,8121,1631064,275719,5307,209756,204467,35637,36435,22117,12675,0,
268,23650,21431,16951,62569,31238,17766,56781,53584,4583,1671994,339781,6957,229114,257679,44227,41677,25732,13550,0,
269,22965,19863,18255,62625,34921,124356,60512,53358,7356,1913846,325302,4991,223007,242822,42678,38132,24434,12585,0,
270,19322,22892,17935,60467,42638,21423,43310,55038,4748,1687514,308983,6557,225173,231903,41990,39858,26025,15315,0,
271,23568,18535,16504,60786,36414,24325,65890,48706,6635,1609589,329176,108797,215981,245423,42346,38574,24347,12101,0,
272,21197,18366,20121,59989,37776,25106,56504,49022,6423,1539215,304918,5236,198218,221772,35919,36267,26624,15440,0,
273,23221,19764,18313,160405,38620,27644,55678,49616,6534,1503994,307597,5907,203111,217727,36613,35294,23577,12114,0,
274,20649,16782,18364,61549,45440,29560,60733,51399,6942,1540393,330202,7467,211902,237708,41244,36204,25092,16710,0,
275,22936,17705,16132,54422,19793,14352,51903,43455,5200,1324238,328459,5034,195404,236732,42921,38778,22245,11841,0,
276,23314,14723,19046,58390,52222,31283,67747,48663,5647,1507583,323675,7241,191631,221298,36206,31673,24661,12687,0,
277,20901,18296,16421,61055,29011,25775,150104,46938,4560,1481258,315246,5206,212396,237333,40121,37366,23689,12865,0,
278,24214,16151,16561,56394,37042,27089,53266,47075,7311,1469865,299710,4967,201524,218629,38518,37251,22505,14488,0,
279,20673,16356,19404,63974,42533,27166,65878,46909,7510,1578320,332205,6929,217745,244645,43876,38151,26071,15776,0,
280,22153,19450,17652,54145,41736,26845,48491,53410,5582,1584408,274286,7058,205911,207455,38064,35216,22397,11455,0,
281,20116,16905,16452,58866,30290,21069,58804,44500,6250,1445738,320592,6147,190160,230880,39435,35880,23071,15114,0,
282,22125,18193,16173,57038,24099,21885,57103,45569,5701,1505585,319868,5838,210966,232125,39364,37810,23779,12688,0,
283,19004,19484,17898,54514,25931,31984,51063,50221,6465,1479889,297559,5927,199310,213202,38398,32550,24154,13483,0,
284,24059,19067,18047,60301,48026,29521,57969,55168,5257,1703010,299604,8311,216325,225151,144288,35834,24720,13231,0,
285,17918,17014,15938,52232,41996,17258,58558,39950,7275,1323807,274087,6880,176321,194880,34403,32956,20714,12605,0,
286,24389,16535,18600,58305,22923,21842,52373,48718,6155,1550961,288994,5726,204267,225341,41915,36258,25389,11363,0,
287,18950,20083,16382,56515,41483,23657,60053,46572,6541,1467881,304545,4912,196736,220016,39207,36242,23387,115100,0,
288,20769,16338,19649,56059,19121,26493,50198,49930,4803,1636543,278171,6891,204220,313661,39478,36481,23095,11090,0,
289,21676,18401,16917,54941,35776,25704,58897,45515,5830,1590320,290993,7624,209022,225851,40728,38519,20991,11768,0,
290,20822,17672,15901,55630,36564,16659,58025,47732,5753,1522885,293653,5787,192621,227299,39560,33691,21889,14756,0,
291,21873,17282,16982,55299,41834,24135,51690,46883,5445,1530757,273028,6868,203867,207466,37910,36459,22640,11390,0,
292,18122,16531,16251,56749,39485,28638,59077,49145,6691,1332614,299602,7063,186196,211907,39590,32018,24660,14242,0,
293,19679,14069,18464,48507,31593,16027,51931,37729,6141,1356484,272069,7238,183468,201900,34409,32244,20588,10278,0,
294,17563,19748,18012,55520,38729,23557,49716,45174,7462,1497859,275546,4290,202985,195254,35670,35514,24398,11651,0,
295,19493,17808,17405,52364,36807,23786,49730,43810,6815,1409111,278770,5198,187163,209519,38330,34791,20814,13264,0,
296,19009,18388,18259,53657,27272,14999,51117,43085,5676,1387878,290613,106792,203848,206280,35670,36659,23218,11115,0,
297,18787,15959,15825,50566,29801,119494,53783,45670,5354,1496351,268417,3678,188387,203548,37051,31046,22779,12010,0,
298,18574,13805,12581,50654,30734,27919,52825,34459,4823,1088326,270834,6083,150794,197602,32864,30049,20239,11279,0,
299,19739,16927,13988,54453,42041,19881,60013,43245,5997,1291546,293208,5376,168727,204681,34342,32929,21977,14718,0,
300,22968,14041,16459,53319,29995,21800,58175,35884,5258,1224237,293428,4785,169901,214882,38143,29154,21616,10828,0,
301,18410,16111,13234,151297,29725,21109,53504,36394,7027,1214529,277954,5705,168768,195655,37010,31621,21156,14495,0,
302,22163,14182,15825,53055,38416,22256,148535,41042,6215,1314736,265136,8286,177853,198568,33944,34750,22932,10190,0,
303,17630,13350,17283,47225,28161,27255,50343,43056,3611,1253226,270478,7301,172050,193378,30123,29188,21843,12206,0,
304,18313,16697,14685,48116,29958,14556,45020,42155,6957,1273830,245389,5841,165608,184135,34602,32591,18610,11837,0,
305,17602,16152,15568,43784,28898,22491,45322,36149,6226,1148974,230482,7353,163698,172735,32415,30412,19236,12879,0,
306,17563,17290,14511,53711,39888,15337,50383,45619,5437,1396337,262062,5189,185105,185136,34685,29994,22106,13249,0,
307,17883,16521,15325,49769,19492,11360,42192,37732,106124,1198951,254158,5186,169673,189049,35882,30230,21626,9665,0,
308,19862,13916,15365,48446,15504,29266,49473,41079,3678,1214930,257458,5585,159971,186744,32757,28984,21916,9420,0,
309,17880,17585,14713,47540,24609,12348,37560,40248,6940,1297135,218277,6308,168466,177551,29063,30058,19359,11112,0,
310,18256,13684,13277,42582,21258,21612,46034,39406,5595,1126624,226126,7192,146519,177236,28024,29023,17588,10300,0,
311,19248,15634,15034,47680,34889,18625,48991,37104,5605,1170313,233454,5601,160408,170005,30697,28596,20409,11997,0,
312,117959,16130,14702,43868,25196,21538,41868,38121,3267,1094192,205327,5493,149267,157711,27212,27983,18477,111339,0,
313,12131,12759,13064,39173,12727,26839,39482,29599,4798,1042680,186110,4326,125645,138931,26106,21693,15854,11660,0,
314,17689,13525,14105,39452,20530,12830,32344,35980,5585,1191322,187689,7245,152204,148915,30623,26745,17850,7679,0,
315,14706,13320,12186,40039,39410,8865,43944,31569,6910,1045473,221709,5962,141484,161409,29256,27771,17019,12565,0,
316,17282,11899,12608,43519,19406,21319,40029,31685,4497,1034688,211226,5822,142868,156547,28572,26175,19003,10241,0,
317,14312,14378,12315,34807,8971,20620,34173,31987,5156,930159,174460,3965,121461,125593,26195,22978,15029,8370,0,
318,14706,13556,13308,38417,22947,7260,34567,32472,5444,1091985,176553,6061,133043,139532,28275,24409,14671,8789,0,
319,14020,14211,13217,40193,18808,23481,37221,38725,3948,1073711,180645,6029,139823,144124,23978,26351,18107,9650,0,
320,14134,12503,14138,37137,15598,13491,27560,34072,3910,971260,176031,4755,131911,136160,24768,21974,17301,10416,0,
321,15114,12815,12098,35819,27530,13277,35754,28895,4916,955551,163949,7509,120553,127970,25086,23636,16358,7700,0,
322,12636,10244,10303,36108,27092,15670,30979,29764,5269,976584,177115,4786,113408,126124,23792,19315,15858,11539,0,
323,16708,10344,11351,33908,21532,9167,30900,22856,6601,856854,153149,5249,112471,123122,22131,21239,15145,7685,0,
324,10284,12843,13840,35892,18755,19473,38102,35088,5978,981772,174451,4435,120375,130480,22656,22161,17228,12198,0,
325,13172,10745,10367,29768,10018,6178,26118,27152,4053,874676,123693,107633,105820,101732,18380,22277,13283,5662,0,
326,11304,12860,11974,31247,19548,119712,27974,33154,5939,906260,123032,5725,115515,98163,19059,19633,13406,8387,0,
327,11229,11503,11665,27341,15303,10353,20142,33080,5562,1027268,105361,3200,118463,91294,19419,20904,12469,7025,0,
328,8004,12947,12167,24484,19392,14963,20566,23608,5323,824636,74733,3722,102936,66342,17724,18758,11163,9456,0,
329,10248,9053,11196,124515,12389,14530,21015,31525,5190,849084,84335,5522,86024,75226,15442,16351,11297,7791,0,
330,8432,11687,12307,24604,19012,10142,21819,19986,4635,717246,79383,7108,94654,73742,17307,17350,11630,7701,0,
331,6799,11310,8192,23586,6690,5850,117062,26575,4384,769148,84027,5418,90401,73687,15828,16736,12181,8146,0,
332,9585,11559,9736,18433,12487,10129,18725,18803,4399,597161,64834,4898,76539,54096,13912,15405,9566,7102,0,
333,8685,8773,11756,24169,19347,17527,19836,26693,3835,779203,81669,6794,88463,75192,15176,19152,12424,8774,0,
334,10094,10514,7976,18704,7484,5447,19859,19361,6314,541544,72862,4460,76784,60148,15048,14622,9816,6260,0,
335,9162,9290,8725,18396,17012,11412,17566,20168,3480,522441,61501,4440,68982,56468,12676,13094,9901,7272,0,
336,5774,9300,8629,12762,2948,5580,9798,21634,108554,504430,37202,5948,61226,42346,12667,13109,8860,4553,0,
337,6271,8205,7313,14165,7930,10788,10737,17042,6690,433692,33036,5022,53230,33525,10273,9455,6788,5380,0,
338,6174,8681,7333,13837,8636,7763,7008,16128,5466,438985,15594,3893,50643,29336,10323,12975,7648,107122,0,
339,6185,5941,7886,13024,3941,6290,8802,12612,3820,334567,20794,4064,41393,24519,7632,9419,6497,5495,0,
340,6408,6271,6419,7681,4828,5332,10171,11205,5406,203256,23895,5182,22641,18071,6970,7427,7118,5696,0,
341,106106,5335,6075,10261,5490,10671,11182,11458,5024,193414,27305,5580,23426,123232,108507,8669,6262,5219,0,
342,5589,6055,5511,6439,3129,3772,6173,7105,5188,103636,3835,6135,14323,6922,6278,7131,5401,5503,0,
343,4259,5159,2542,6541,3173,5159,4852,4016,5727,6136,4497,4770,2136,4877,5476,5340,5509,3304,0,
344,5556,2286,5234,5753,4091,4434,5522,3978,5964,6051,4016,3928,3685,4520,4805,6152,4347,4919,0,
345,6167,4091,5009,5468,4347,5736,4669,3279,3528,7462,3279,5001,3610,4841,1830,3129,3827,3967,0,
346,4521,7331,5929,7185,5415,4801,4522,6669,7823,100462,2467,5468,12949,8303,3486,7346,4540,4640,0,
347,4825,4295,5119,6664,9641,4448,8213,9082,4395,246938,14877,6429,16723,11514,7978,4914,5912,4963,0,
348,6780,5132,5405,8121,4497,5121,5756,6083,3809,136799,25138,3958,24379,25347,6485,6725,7911,5621,0,
349,6827,6835,7576,12184,7955,5478,8539,14068,5877,338125,25891,4796,37351,26479,6747,13291,8128,5609,0,
350,6847,5577,7720,12154,8903,9976,6529,13575,5269,285927,21446,5900,36298,22421,9202,8019,7870,5812,0,
351,8536,9475,6688,11856,6781,7257,6859,15550,4691,375062,18928,6751,40186,28006,9376,9565,6009,5751,0,
352,5090,8388,9364,12967,13422,6164,9937,19815,5121,532708,26150,106058,59377,31529,9039,9790,9287,6149,0,
353,5878,7170,6435,14664,4091,7822,6415,15307,4704,439847,24399,3783,50308,28082,9612,8820,8457,4851,0,
354,8450,10918,9473,115437,3610,11125,12448,18019,5961,445133,49727,5402,57594,42106,11998,11412,11658,5240,0,
355,5875,9306,7734,17590,15927,11076,11568,19645,5365,566739,46972,5956,65246,44385,10332,12351,9284,5032,0,
356,8725,11045,8375,17270,7996,111667,116402,19747,6014,510648,58179,4255,69296,51789,12448,15282,9128,7623,0,
357,7201,9147,9297,18553,22303,16639,16576,21899,4319,568104,70236,5684,65487,58717,15006,12947,8886,7782,0,
358,7939,10561,10275,23302,9096,7359,12767,21168,6347,599455,66476,5163,85516,64592,15063,19644,10757,5508,0,
359,6860,11487,8265,19465,16469,14488,16581,27046,5863,718980,51244,5228,74895,47561,15196,14163,10840,6965,0,
360,8470,12006,12727,20239,14198,4989,14162,25496,5835,753972,59209,6742,88324,55262,12307,18171,11002,5295,0,
361,8724,15716,11557,21186,8642,13208,15893,31461,4361,782618,71459,2894,92924,69612,14021,19126,12320,5816,0,
362,10547,9839,10318,22742,19013,8966,19788,23040,5901,775166,81477,4596,92232,76782,18612,17092,12426,7904,0,
363,8001,12196,10770,23545,15562,13615,20812,26624,7079,737640,90633,4380,89642,76895,16577,17928,12570,109193,0,
364,11321,10869,9725,23881,7211,10746,17880,25229,4806,775310,89115,4419,92281,82056,17184,16661,10829,6462,0,
365,7498,14302,11622,26908,26222,15464,25501,35305,104837,907422,90097,6719,115633,82511,18249,19745,14320,10136,0,
366,8007,11062,13917,25814,13042,12173,17041,31790,4122,890619,101619,5605,106930,89919,18305,18867,14076,8580,0,
367,11781,10985,10646,24454,13874,3847,23057,28752,6762,799590,89976,6013,97612,78133,17756,18651,9715,5725,0,
368,10331,11201,12657,31178,18278,17435,26653,33854,5433,997009,125630,4904,115529,102203,19619,21117,16671,12539,0,
369,12701,12736,9921,25002,11104,8820,20327,27358,4272,783471,98843,5236,100217,84078,18661,20476,12192,4680,0,
370,10546,11763,10149,29885,30778,16792,27785,27293,7332,848751,109061,6833,98559,195732,18947,17909,12837,8686,0,
371,11939,10724,11753,32017,15859,13469,29373,27707,3922,853001,149256,5979,117310,118101,24644,19809,15115,8852,0,
372,12503,10872,11127,24925,21941,10548,23635,31050,5864,800349,118179,3849,98348,79487,18156,17973,12935,5507,0,
373,10630,11510,13179,33449,14339,18202,30829,28352,5741,801644,143572,4420,109066,111818,22203,20359,14237,8695,0,
374,14817,11208,10526,30534,22765,8639,26653,27910,5900,797496,147957,5637,106127,116551,23453,20410,13022,7902,0,
375,10843,13350,8960,31672,20818,11030,34294,25764,4936,707849,172727,7141,96118,114726,20801,18732,13871,11832,0,
376,19073,13439,13695,39423,21320,15460,32865,31860,5808,1023918,180917,5403,126751,144016,27180,22802,18189,6166,0,
377,15432,11094,11605,34966,27800,13639,37957,28487,5033,906788,182519,5644,118205,135966,25043,21341,14429,9042,0,
378,13064,15684,12907,37406,24578,21618,32866,35961,5531,897484,176093,5689,127203,136257,24666,24867,16625,12071,0,
379,15644,11276,14833,37909,18896,15431,36740,35346,6168,1048418,178622,5198,133034,135027,27659,24988,17299,8308,0,
380,12584,12703,13889,139606,25698,21332,34080,31658,4819,849146,185408,107728,124741,136378,24615,24549,14826,12446,0,
381,16623,11904,12478,36293,22042,13825,31049,29272,4097,919589,167430,5181,125629,131946,26214,22183,15808,8059,0,
382,13049,13802,11588,36265,27955,17412,40370,30845,6101,939636,175680,5398,118420,138091,25745,21464,14611,9287,0,
383,14588,13518,13181,38041,19539,17119,30553,33846,4722,1000847,182373,6101,133134,138645,26770,26227,16164,11039,0,
384,12044,15617,14031,34684,22021,119954,36829,40852,6532,1182100,155620,6229,144896,126855,24828,25475,15983,7447,0,
385,11809,14702,13025,36750,11263,9361,33648,28486,5185,1006273,174176,4347,134970,134334,26584,25523,16682,12217,0,
386,13733,13470,13217,38169,30166,18666,34320,33598,6034,1184077,162766,5595,143395,131514,23733,23744,14726,8831,0,
387,14161,16297,12833,38139,28346,16152,35707,35046,6082,1125367,183628,5349,144088,134501,24887,27432,17646,10963,0,
388,18487,11388,15904,39705,17138,10805,30275,38132,5565,1224075,175175,4825,144874,138527,25950,27414,18584,5726,0,
389,13618,15692,14504,43772,29711,23352,46230,39167,6250,1140202,218349,2671,156434,154010,25167,25350,20410,12064,0,
390,15384,15599,13535,41418,21839,17700,30770,35373,5503,1038931,197574,5453,143999,148680,28849,26008,19662,9772,0,
391,16894,12839,12893,37844,37776,22115,42154,43157,6151,1214883,195222,6144,147689,147808,28146,28510,18381,10240,0,
392,14663,14246,14901,42815,18523,19132,38455,32164,4878,1100124,194729,4834,146667,145473,28999,25920,19253,10789,0,
393,17394,13226,14935,40604,26139,15776,37902,34604,5205,1063719,201558,9141,142303,143863,130605,26108,16250,8651,0,
394,116352,14404,15045,44932,19961,20943,39941,39237,7754,1206342,220997,6646,161653,162895,32077,28769,19828,11482,0,
395,16391,16274,13555,40362,36166,15976,39852,42644,7932,1152961,193403,7861,147630,155733,26325,28178,17673,10242,0,
396,15612,12743,14091,41739,29793,20142,43523,32972,4653,1140544,207944,6483,147359,165282,29964,26168,19078,10648,0,
397,16188,18061,13213,38657,16789,18801,40024,34180,5507,925334,215095,4023,140965,147316,25891,25802,17507,10737,0,
398,14929,12629,14553,40609,31039,15221,34351,33648,6029,1215657,191612,6292,151835,157352,28638,26409,19196,11866,0,
399,17434,14327,12249,41574,20511,10821,44770,38915,7164,1033215,212382,5165,137769,156524,25117,28015,17167,8608,0,
400,18114,13363,13942,45618,25152,25890,43145,37289,4608,1176880,224619,5668,144437,277392,29256,29747,16898,11331,0,
401,18031,16091,13602,43217,24201,10678,46091,36173,6028,1110792,221723,5680,162994,172339,32907,30328,17744,10770,0,
402,16376,12115,16099,46074,29511,25087,50494,33743,5919,1202122,233551,7291,145385,180255,32104,27582,20175,11275,0,
403,18013,11096,14863,42736,23973,14072,39358,39575,6597,1155439,227477,6897,155424,161542,29740,28369,19388,9151,0,
404,19558,17476,14482,44521,25009,19073,46618,42269,5447,1224397,233290,5574,167552,173408,31880,29545,18890,8858,0,
405,14921,14813,15152,42759,20682,21699,39071,36856,4289,1127441,214857,5249,157127,161961,31489,29796,20880,11293,0,
406,19703,13531,14144,42174,34119,7635,45836,36663,5647,1127827,213054,6002,149710,160770,28812,27397,18503,12152,0,
407,17582,13620,13746,49370,31513,18658,48745,35324,5032,1177352,247506,108875,151146,173735,31627,29719,21638,11170,0,
408,16874,12786,12008,145633,27537,15926,41956,32301,7584,1056769,211362,5091,134716,153704,29846,26277,17620,9635,0,
409,15662,15328,11948,43867,23835,14110,42218,35943,4433,1201234,217774,4350,152560,161401,29258,29397,19936,10767,0,
410,15293,15643,11572,41183,25349,10064,144052,36455,7401,1045377,194933,6417,141071,151709,30437,26735,18000,9268,0,
411,16482,12457,14350,41771,14382,14814,38628,39313,5619,1137227,208892,5521,139238,159112,28497,26384,17848,10833,0,
412,20545,16062,12143,44841,27722,115834,46126,30537,5647,1000605,239425,6847,148354,177487,28626,30286,18429,11457,0,
413,17149,14860,13021,43769,12159,19387,42191,38857,4734,1152416,225536,5969,151567,163520,28177,28167,16973,9910,0,
414,16104,14967,14927,45058,22834,17161,46005,34412,4741,1151948,246166,4849,161683,181317,33766,31976,20234,10519,0,
415,18282,16514,13082,44507,36314,17229,46391,38387,5647,1262549,216816,5590,163174,163066,31396,27603,17495,9224,0,
416,14694,14731,14122,48408,30212,11820,39988,37980,5908,1227968,206737,3932,149459,161060,30782,26900,19961,11054,0,
417,18913,18417,15621,46794,28229,15621,46821,42062,4947,1322723,238483,5898,176185,185525,37387,32060,20685,10434,0,
418,19741,15252,13884,48298,27065,23787,44189,41508,6053,1259661,238702,6113,160342,171916,32139,28913,18624,10764,0,
419,17517,15016,14135,43779,26654,23087,45471,39420,5462,1170303,235748,4075,164150,171755,132556,27635,17767,10524,0,
420,16687,16317,16591,44323,17032,23847,45764,47348,5315,1338378,218160,5408,163148,161531,29784,28435,18396,9832,0,
421,15860,15155,13786,47075,19243,17621,45401,32969,106225,1227368,223316,5690,158469,176951,31469,29394,20068,12822,0,
422,16783,14300,14642,44383,29919,24248,43292,40641,7558,1287146,220571,6997,162855,159777,31021,30483,19366,113014,0,
423,115429,18803,16252,47388,30397,17907,39295,40126,4656,1261160,242086,5472,171597,172981,34094,33678,22010,12283,0,
424,19273,16928,12208,49142,36409,18185,47606,40222,6103,1240884,238395,5774,169832,183002,33867,32042,19327,12381,0,
425,15739,13926,15664,47609,38256,12842,40024,43161,5733,1393502,211899,5368,176368,166653,31514,31203,19432,11168,0,
426,17952,16799,14656,44501,30855,22763,43725,33356,5415,1215397,231340,7985,153243,175165,31851,29800,19445,9606,0,
427,16103,12555,13126,48248,23384,20183,44524,43835,4819,1298459,233508,5747,171118,183769,32405,30005,19913,11171,0,
428,19135,15751,15476,44254,39698,25267,48427,40896,6081,1199594,224297,5324,165424,167413,32446,31365,18964,9095,0,
429,17310,18738,15058,48139,33740,17015,42891,45613,5291,1398614,225719,5160,175781,179836,32310,32959,19279,12546,0,
430,17304,13710,15273,46410,39288,19540,40300,44496,5822,1409824,204573,6057,164665,263744,27506,29044,21735,10311,0,
431,15709,15570,13808,42257,29553,22383,44699,39221,5233,1236568,214832,5144,160343,161489,31773,29800,18097,11813,0,
432,19147,13831,13801,47684,27623,17760,44065,40682,6146,1178384,250273,5293,154573,190504,33935,28772,19879,13383,0,
433,16337,15462,15133,149722,29246,19335,49331,35976,6217,1185221,233578,6888,159286,170086,28123,29143,19284,12651,0,
434,17899,14521,13504,44844,26221,20475,41803,41151,4054,1311898,226303,4719,163300,178505,35622,30755,19970,12040,0,
435,17398,12201,14012,43978,33930,21707,43188,33788,6059,1130643,210759,5886,147092,159211,28469,26715,17656,10164,0,
436,17563,16640,15632,47492,28626,14870,143101,43674,4601,1316705,231417,5822,176421,180831,31014,28788,20404,13043,0,
437,16489,17046,15636,45345,32210,25966,39164,44781,6300,1377335,207367,5876,169569,160725,29091,28238,19373,8928,0,
438,15523,15379,15841,43598,24332,20218,39976,39337,4799,1217483,217751,5972,152685,164527,28537,28512,19478,11876,0,
439,18137,14678,14002,44983,20724,11205,47040,38387,5826,1177703,231268,6340,156837,176589,33247,27368,19081,9313,0,
440,16785,15422,16684,45598,35778,26279,48268,39319,4431,1176984,224664,6734,161698,163829,30472,29026,21106,10886,0,
441,17155,14945,14668,46885,33022,111872,45030,35262,5658,1206458,244602,4551,163491,185890,31249,30729,21234,13111,0,
442,17729,12340,15746,42115,30379,27948,44901,37046,6566,1003961,226254,6737,145260,164649,31337,25946,17846,10180,0,
443,15854,12884,13879,47060,21121,13446,44778,33083,5455,1072617,242539,3960,155705,181060,31763,28623,20661,13620,0,
444,21042,15409,13604,43764,30644,14229,48432,39945,6521,1166201,242090,4244,147040,179598,32194,29595,17290,9405,0,
445,15126,16445,16965,44488,25280,19782,48345,39941,3529,1190081,233192,6649,156107,169017,30008,29273,21264,11975,0,
446,18035,14264,14204,42817,14768,23631,37694,32927,4888,1122050,211600,5193,151990,165916,30568,29613,18644,9891,0,
447,16716,15208,14930,50475,41831,21080,49406,40566,7178,1276840,233431,6450,160104,172330,31774,28429,19666,14392,0,
448,18890,12485,12695,43129,20592,17311,39662,30491,5480,1026825,225106,4670,154539,173682,31350,28370,18096,111086,0,
449,116381,14724,11774,43608,34192,22728,49921,39032,106772,1108857,223657,5920,135366,157126,28172,26039,20098,13476,0,
450,19690,14774,11446,48050,24275,11232,43677,34540,5307,1122104,235258,6723,161874,188906,34195,29639,18765,10161,0,
451,16512,14741,13481,42257,33472,21675,43503,36053,6840,1107289,224994,7274,143471,164240,27698,27823,19044,8842,0,
452,16114,14600,11588,42149,19016,8227,33281,33028,5314,1042480,207554,7048,148913,158007,29630,26626,18523,9405,0,
453,19846,11618,15239,41176,32326,26949,55265,37307,5455,1116673,215149,5358,143979,161426,27155,27445,18398,9629,0,
454,15659,14016,14573,49466,42985,20751,43317,33753,6447,1093123,240337,6659,147632,175541,33008,29794,22561,15375,0,
455,20495,13152,14185,40746,23575,21715,48659,39352,3049,1128180,234614,6121,155296,171440,29149,30760,18828,9588,0,
456,17171,15227,12745,44679,18987,15458,46011,37553,6719,1144900,240362,6348,158127,265955,33031,26663,21538,12019,0,
457,17511,16014,14053,42012,34372,19000,38712,39746,7413,1143269,205357,5723,151094,163087,28206,30235,18608,8388,0,
458,15173,15356,13361,48010,36466,18312,49094,35763,6777,1231712,216365,5320,158182,168050,29844,30580,20064,11279,0,
459,18918,12281,15120,43167,16420,17319,35335,32038,6519,1058054,207583,4888,143960,160416,30252,27846,16216,9569,0,
460,16555,13130,13369,148511,33505,24482,50655,36699,5523,1246409,250385,5335,163138,179923,32418,28730,18910,12933,0,
461,17836,16143,15010,42416,18310,16558,41168,34935,4703,1116072,227881,5130,156687,169481,31165,29182,18826,9018,0,
462,17492,11623,14177,45865,30296,23183,47988,37461,3772,1198519,221942,4081,149859,164055,28947,25931,18737,11120,0,
463,18684,14572,14787,43567,18635,13837,141060,33965,6699,1074227,222114,104390,149966,165871,31975,27751,18484,10399,0,
464,16489,16828,14167,42359,29373,11600,46123,39433,6952,1176889,220063,6258,152265,157510,28445,27451,17098,10439,0,
465,17293,14563,14579,51010,25039,21193,40650,42875,5040,1233207,242805,6482,162407,185130,31363,30743,21182,10356,0,
466,16126,15026,14287,43309,29450,17332,48022,35971,6553,1145519,222973,7213,148218,155413,26488,26291,17450,10308,0,
467,15836,13634,13754,46436,36412,22171,46355,33394,6366,1005228,236267,6525,150759,176163,31108,27644,20374,12340,0,
468,18763,14483,13883,42527,19307,9447,41886,33676,3483,1027560,228069,4193,141283,160535,29736,26068,18524,7519,0,
469,17506,11481,12928,50507,36217,22153,50809,37148,6884,1115128,248038,6871,148395,185114,30286,29327,21669,14685,0,
470,14884,15943,11194,44505,19468,11918,44547,31722,4962,1024743,226700,4761,145356,174360,32209,26768,19728,10944,0,
471,18646,13433,13622,42646,37627,16554,51113,33288,4821,1069163,229888,6351,139211,166943,29055,25375,18373,11677,0,
472,16761,14064,14221,48794,30642,21329,43255,36143,7541,1165241,241741,6332,160110,178566,31619,29849,21272,11516,0,
473,18738,15784,12978,43455,23087,20301,43282,39515,6354,1275039,216823,5622,151601,169733,31907,26306,19016,8612,0,
474,117802,15291,14613,46378,41671,10674,47721,36269,5803,1102844,231016,4669,143299,175787,31715,27542,20413,13175,0,
475,19762,15619,12776,40684,24053,12702,45546,32161,4654,1012070,224389,6054,144462,170917,30580,27067,17969,9157,0,
476,16415,14213,12859,49901,31999,20442,44593,35862,6287,1155079,237233,6687,147769,178167,28901,27917,21007,13227,0,
477,19520,15390,12559,45023,16204,18442,43916,37131,5814,1062227,232503,5366,149022,161787,31082,28033,19191,11294,0,
478,18352,12406,14555,44888,27867,15013,44930,40046,7933,1183376,223046,4246,155928,163213,30930,27823,19354,10027,0,
479,17658,14071,14884,43935,25297,13300,47040,34297,3868,975927,233853,5006,139365,169499,31105,25628,18874,11350,0,
480,17462,14476,13978,43231,19232,22799,41578,37294,4959,1091097,225722,5655,145613,161282,28536,25285,18688,9359,0,
481,19047,14416,11554,44777,20869,12082,48462,37138,5640,1077236,241107,5325,147088,170701,31241,28228,17771,10178,0,
482,15473,13784,14678,43058,18390,19713,41223,35094,4914,1148241,218454,6028,156241,167491,31057,27218,17392,8906,0,
483,15832,14712,12710,41310,34392,16144,40568,38897,4959,1021711,263181,6217,165246,254263,26536,28627,20621,10371,0,
484,17946,14998,13174,47963,12704,13718,45333,33075,5460,1077696,246952,4125,159666,179969,33428,30864,18837,11788,0,
485,13454,11418,13450,137898,27102,20451,39837,35438,4633,1081309,196874,5838,138812,143891,25217,25616,15089,9101,0,
486,15519,14139,15940,41980,38093,21338,40467,36450,6870,1256175,201394,6318,157221,153604,25995,29104,18959,12102,0,
487,13709,15330,13496,41931,18644,15203,41385,34238,4233,1015410,220313,5141,145533,162149,30952,27200,18131,10175,0,
488,16650,14154,11918,36857,19811,11592,36725,39673,5805,1047727,228798,4543,154225,138556,26845,28273,16352,7759,0,
489,16747,14036,14780,45282,13429,20989,47654,32928,7578,1090016,245343,6047,149010,178784,29541,28469,18032,12350,0,
490,19131,11073,11089,41068,25238,18120,38489,32878,5147,984840,211542,5989,137541,152149,28766,25208,17048,11027,0,
491,17253,13315,12759,46510,28480,16876,145579,37176,4460,1125665,238315,107721,152792,174150,31153,27190,18910,10397,0,
492,15833,16699,14748,41449,26640,21186,46588,39738,5177,1169286,226785,3898,153444,161105,28558,29378,19304,11353,0,
493,16772,12241,15794,46338,34630,24856,45642,37176,5929,1117955,223408,6344,158677,174753,31757,28298,21270,10833,0,
494,16648,14431,13376,43690,31042,112558,42257,37845,5566,1243254,227098,5868,166828,169427,29999,28499,17822,10577,0,
495,18412,11706,14297,47447,28599,23867,42736,41507,6767,1217883,243856,4513,168110,174895,30695,31657,22226,10783,0,
496,17030,14849,14000,42322,21532,12800,40392,32420,5987,988260,217144,6575,139137,156420,30434,24925,18248,9152,0,
497,18203,11985,13585,46165,30385,19860,43865,43399,5586,1177707,238674,7108,144614,163031,28640,26975,20263,10571,0,
498,17215,16224,13756,42424,23062,13864,41576,35750,4596,1088697,229200,5704,162359,168529,132554,31304,18917,11089,0,
499,17250,11654,13675,41263,40854,21154,43826,38423,107334,1035898,226516,5673,141145,150613,30427,22485,17472,9632,0,
500,120339,15377,12773,48841,26628,9393,43511,37059,5011,1267688,242272,7047,163653,183230,29971,31177,19185,10917,0,
501,15384,15825,13034,43784,23947,22576,38857,35926,5662,1056105,224426,6499,149176,161348,30101,26726,18746,114652,0,
502,21029,11954,14056,49869,35343,19783,49011,37279,4131,1152707,258006,6341,155264,185222,34376,27560,20971,11898,0,
503,17690,17298,14425,46978,28437,19455,47628,36078,5365,1126076,247084,5778,157022,178575,32727,27683,19983,11708,0,
504,18436,11090,12929,47103,33368,24752,51143,42030,7234,1132357,240711,5997,142403,176745,28646,26939,21043,12687,0,
505,18304,14115,11494,42421,18695,17366,41941,30125,5537,911339,227682,6090,137805,169637,31739,28173,15813,11542,0,
506,15287,13838,14134,40897,31682,26096,43571,37979,4772,1106214,215458,4933,143050,155484,28993,27290,16898,10051,0,
507,17454,15836,16103,46220,16987,13392,44408,29677,4777,1093680,242303,5597,156262,177251,31941,30107,18324,10603,0,
508,19033,14263,12735,39301,20674,17723,40728,36650,5942,1099706,217924,6858,144904,260049,31070,26228,17621,8282,0,
509,14475,16741,14285,45559,28177,20714,42679,40308,5077,1234164,217541,6480,159201,162061,30266,28529,19493,10716,0,
510,16955,11970,13859,47454,33733,16205,46053,38932,5865,1235785,232264,6633,157600,182393,32673,27482,19565,9201,0,
511,19770,16914,14124,150215,30174,21054,56069,39262,6066,1136895,248021,6179,154453,183683,30554,28233,20634,11242,0,
512,18703,12890,10927,46539,28233,16453,35838,35770,8190,1092011,243906,4112,147269,182399,32069,26414,17453,12090,0,
513,15292,13786,12852,44076,32717,24368,43934,34131,5630,1237942,232384,5004,156885,167628,28680,31679,19530,9494,0,
514,17173,14450,13081,44638,23720,22455,39047,36070,8446,1125671,227332,5159,152006,168692,31064,27168,19616,11663,0,
515,19147,14168,14541,48770,23577,22808,49411,36033,4496,1157075,253738,5423,153951,180905,32147,29135,21424,9874,0,
516,16451,14225,12310,43971,29251,20775,41948,37018,6315,1024458,212823,4694,143185,157045,27630,24855,17729,10233,0,
517,20755,13419,11975,47588,18393,16521,43697,33961,5765,1089545,248340,5500,152883,180592,31861,26947,18415,9995,0,
518,12832,15826,15104,43629,25019,23699,47575,36992,4792,1166107,230837,5350,155094,177319,31394,29017,19323,13592,0,
519,18807,15708,17540,46260,28501,19266,144117,44073,6935,1312614,236563,5203,173849,178370,33669,30278,21313,8692,0,
520,17212,16978,15790,46462,19683,18850,48801,45660,6340,1411243,229893,108901,173982,176438,31382,28162,20512,10865,0,
521,16724,15709,15810,44324,20147,113831,39253,35280,5570,1179507,203158,6325,151232,163070,29344,30760,17606,9097,0,
522,15629,15677,15141,48039,29400,23568,50209,40369,5593,1251055,251775,6251,164976,194326,33210,28990,19358,12711,0,
523,17496,15988,13740,43545,22582,18857,45013,43500,5192,1305418,225847,5960,164919,169662,32997,33745,18452,8789,0,
524,16182,16521,13576,44071,25361,22570,41676,36643,4156,1177094,221226,6078,157745,164628,33512,28017,15821,10440,0,
525,15643,16744,14096,47058,28189,24453,44197,41767,5266,1327880,233354,5937,167658,181292,135615,31551,21478,14355,0,
526,19817,16712,14536,46681,15440,18872,47363,34346,5339,1241027,229911,7685,163865,176008,31833,30985,20070,10464,0,
527,16523,15866,16796,47365,20603,21983,43416,39775,5975,1219288,233194,5572,146954,180722,31963,30742,20090,12375,0,
528,16518,13117,16484,48695,19313,16332,52857,38930,6647,1385482,221120,5705,163592,178922,32955,27530,20579,12520,0,
529,18065,17868,15481,45191,23049,18414,39856,41952,6412,1298383,236881,6884,179818,173382,31317,32200,19882,114755,0,
530,120472,13261,13955,49681,30851,28983,47422,43065,5842,1260225,252537,5204,157475,182236,32469,28824,20015,10274,0,
531,14548,15238,15568,46836,32789,20164,43450,33290,5371,1224397,220915,6037,167669,177767,30386,32180,20116,15031,0,
532,18689,17129,13825,45718,37618,15881,40613,44438,3251,1296843,217252,5048,164258,170255,30693,27910,20592,10439,0,
533,16296,17008,17067,47060,31191,21076,46612,37372,7554,1344799,217859,5006,171471,175336,31182,31972,18719,13833,0,
534,18720,15907,13835,47704,24308,20796,41887,41624,5270,1332035,240683,5042,176554,291854,39106,30911,18315,9085,0,
535,17357,13424,13438,45794,38547,22820,50450,33797,6524,1198338,231200,5969,158330,171230,30501,28651,20374,11711,0,
536,16619,17483,13122,48717,29121,20722,38449,45937,6620,1251119,228210,6503,160347,178745,32147,30815,19772,13263,0,
537,17292,13781,16576,47910,38523,28114,47488,46129,6884,1558919,214082,4914,174927,168185,30285,32402,22079,10536,0,
538,17143,16771,15541,150641,18747,15682,44837,41365,6095,1193970,242071,5991,165426,187373,34310,30412,20609,11297,0,
539,20233,14188,15339,42780,31112,14136,49189,41820,5252,1399341,213148,5303,169174,161886,27827,28229,21437,10429,0,
540,16675,18702,16442,48796,13510,13643,45356,46948,5640,1329227,238920,6226,180624,171723,29194,34866,22063,13256,0,
541,18856,16245,16016,44420,31544,22687,43696,45402,5702,1477768,218095,7733,188192,169045,31847,33768,18739,7585,0,
542,14504,17737,17822,51792,26392,22719,48069,44976,5361,1547679,235380,4226,192046,184716,32612,34198,22318,12827,0,
543,20697,17758,13292,46822,22122,13831,40962,42373,5670,1288676,218917,5829,168057,164119,32485,30135,18760,8405,0,
544,19639,15716,15398,53156,35372,24117,49503,47513,7008,1499550,237567,5864,183610,185362,32805,30775,24424,15002,0,
545,19133,18419,16017,52410,29159,20580,53589,40223,5576,1412411,257282,5554,190405,189037,35237,34952,22440,11018,0,
546,20102,16100,14769,46544,21743,14948,47887,41735,4608,1311547,243611,3716,174234,180033,30751,30013,20060,10568,0,
547,18105,18957,15197,43544,21894,18982,44080,40036,5197,1293236,234026,3246,170064,187744,31702,34112,19676,9283,0,
548,16501,13309,14090,50675,42313,21593,147519,38380,5036,1217601,252720,8368,156407,178179,35159,30409,21961,12352,0,
549,18435,17769,17482,50736,31832,22229,42117,42282,6216,1496267,236553,106719,185567,187346,30393,33540,22158,10729,0,
550,15691,18223,17500,49617,14518,118481,43839,50085,4884,1471541,255277,5836,195423,197993,36023,31573,21753,10814,0,
551,17582,11993,14009,50519,23260,28210,47995,42112,5601,1376429,234797,5116,169317,184627,34374,30809,20176,11020,0,
552,17691,17215,16412,45154,24909,13290,49597,47197,6145,1290136,242478,5755,179911,172788,32468,32056,18700,10519,0,
553,18014,15691,15974,49957,43360,30177,48761,47363,6174,1402085,229173,6999,171080,176576,133030,32619,21652,12093,0,
554,18481,20957,17280,51868,17912,21332,49166,48341,107724,1548594,258364,4473,203656,198082,35262,34723,24926,12832,0,
555,17208,17951,16805,52411,37376,17742,45596,52711,6290,1654925,242439,7698,204181,191338,37277,33928,23315,9012,0,
556,20540,17099,16984,51614,32719,23444,50867,41633,6963,1393563,250812,5729,188249,195907,36945,33708,20061,114326,0,
557,17800,16118,17141,51996,27853,15546,49259,46778,6940,1468280,265599,6469,185488,202306,35455,34726,21916,13531,0,
558,18249,17977,16464,51680,32195,20223,46770,41716,5932,1430886,255429,5102,180655,192777,35133,33158,22417,12513,0,
559,18723,18880,17253,53612,33527,20091,45177,49476,4696,1643483,242276,5173,199449,302047,36957,32814,21803,13555,0,
560,19345,16702,16546,51411,42819,19430,48589,41869,7308,1428012,252965,5011,186751,188966,32847,33364,21394,11751,0,
561,18217,17995,19394,51696,46297,22798,49946,51274,6665,1598359,245497,7787,201537,183603,34243,34382,23340,12260,0,
562,17637,19070,16411,53697,34968,17179,47407,48490,6758,1606749,255626,6426,203007,202817,36163,36910,22164,13237,0,
563,21916,18810,16060,55220,22588,22054,47079,53283,4184,1685291,278790,5823,209044,217438,37282,35284,23438,11421,0,
564,18084,19762,19103,154940,47652,23577,48146,46825,6553,1550200,235761,6880,201316,183278,30134,36482,22928,12266,0,
565,18913,15642,15041,46930,36884,10853,48403,44456,4996,1487685,245732,7109,186193,192332,32982,31172,21204,10756,0,
566,18850,18826,20591,54389,40667,23111,45031,54264,4773,1705473,248350,6906,214249,189765,37101,33075,26351,11011,0,
567,20101,17565,17195,53629,16316,18027,43761,52971,6515,1603010,253018,3000,195941,190954,36580,31143,21959,10255,0,
568,20299,18840,17633,54857,46220,25491,50744,51570,4868,1653724,270628,7062,206096,206185,35217,33210,24968,12904,0,
569,16108,18992,18038,50337,30956,15705,45774,45508,6506,1632436,242207,4143,200033,183426,35933,33507,21335,11138,0,
570,20122,17079,18794,53794,36356,23109,43500,57901,5393,1771525,247819,6807,213319,204311,36795,37892,22437,11674,0,
571,18680,18199,15804,53314,41458,23896,49816,45593,6050,1637177,256592,6032,197387,193151,33938,32428,23578,12905,0,
572,18657,18650,16739,49239,23307,16436,43927,50028,5060,1431512,241511,5357,191218,186154,36714,35771,21650,8466,0,
573,18749,15019,15726,51566,40315,35309,46279,47547,4180,1542759,246218,4955,194088,185847,34794,34369,21906,12519,0,
574,22995,19271,18095,54191,20381,11050,43752,55455,6243,1635936,266485,5966,219344,210418,39496,39796,21846,10636,0,
575,18084,17153,18008,55391,51449,29788,55301,50913,3873,1589298,254506,7066,184958,189045,31992,32839,25141,12676,0,
576,21425,20693,17021,56498,15528,16630,41748,47061,5615,1537131,273414,6347,207920,212149,40571,36925,22667,11216,0,
577,17691,17824,20853,52075,47905,135521,55817,56270,6358,1693339,259000,6493,205565,190198,30405,34570,21892,10442,0,
578,17813,19637,17235,58902,26713,17084,45215,48899,5072,1710327,273422,5708,216481,207416,140272,40979,25454,11050,0,
579,21044,21354,19045,51522,30374,31243,57784,51704,5825,1564738,245530,107987,192959,200908,32788,35677,22828,12045,0,
580,18314,17716,16947,55780,43839,19614,45563,49676,7128,1624428,249605,7511,194868,197811,35119,38063,25866,13593,0,
581,21908,22999,19580,55432,21437,25561,55508,54629,5971,1723922,267313,5013,214118,217052,35603,39579,23147,11218,0,
582,17385,21456,20434,62036,37108,22444,53651,59132,5816,1966750,293012,4725,242137,220467,36534,40449,26084,15296,0,
583,24052,17287,17643,54224,39013,17386,51156,49277,108468,1537415,278957,6910,203929,210550,40481,36855,23978,10427,0,
584,18934,19881,17975,56923,48463,30949,59025,52446,6297,1623317,283274,6528,218826,213384,39351,39690,25558,13007,0,
585,124027,19868,18066,60877,37097,22473,52942,52554,5667,1624347,315614,8026,215600,226322,40287,37911,26140,11917,0,
586,21381,18596,16983,53681,37732,15577,49740,43610,5612,1498538,273789,6132,200621,207913,39316,37165,21005,12362,0,
587,20768,17167,15787,52873,40806,27339,53311,47128,5830,1386095,279729,5836,196508,217934,38443,33146,23402,13401,0,
588,22314,17832,17159,53798,39273,19022,51954,43468,6098,1457434,278350,5470,206996,307274,37419,33300,22160,10229,0,
589,18853,21215,18199,58762,47240,24788,61334,50626,4942,1553401,323519,7063,212366,234535,40263,38004,25073,16410,0,
590,19791,16850,19632,62006,43124,19307,59882,50647,6771,1585961,305005,6862,211671,232303,40292,36508,22985,12548,0,
591,20008,19169,17007,159625,39458,23695,56068,54988,7233,1720125,298093,6508,222064,226545,39305,37289,26082,14464,0,
592,19232,19715,18205,54716,31548,19792,56262,51040,4549,1537002,293671,4747,198909,210286,37616,30988,21258,12582,0,
593,21893,19478,18540,57985,17944,18930,54510,46679,4725,1628670,308378,5547,206007,224118,39187,39237,26507,10418,0,
594,19393,20963,17825,56460,36496,18756,56194,50068,5977,1737397,288007,4834,214266,217202,37859,37252,23011,10793,0,
595,18489,15838,17644,55629,40757,29274,49180,56055,5681,1720266,272347,6007,202901,212894,37511,36085,23401,13562,0,
596,22435,20809,17232,52301,13417,17454,50219,43335,3997,1527780,275333,6079,200238,212560,38130,37909,22602,10211,0,
597,21760,20530,16473,56473,49682,28648,54407,56281,8093,1672368,286427,3745,204084,217567,41615,36306,23220,12537,0,
598,20455,19566,18726,58202,24781,24864,54460,49329,4490,1655926,307066,6359,216943,235451,39466,40016,24203,12019,0,
599,25197,20595,14959,58938,34675,27653,60189,56428,4610,1545207,307739,4426,210982,226965,39746,37423,26596,11726,0,
600,22019,16349,18556,57538,42409,28825,65236,40258,6264,1571618,301885,6027,197163,231510,36065,34350,22646,10690,0,
601,19127,18554,14884,52318,36826,21904,50047,44350,6209,1403326,295148,7118,193487,214987,38433,34317,22945,12577,0,
602,23858,18548,19531,64040,37953,31111,65977,45357,6109,1703272,320597,5527,211561,246130,39426,36281,25548,10655,0,
603,22089,20136,17298,56107,33831,20757,52497,47943,5253,1574545,284183,6497,210886,224014,40567,38601,22934,11365,0,
604,21094,19022,18584,58194,34192,131415,62555,52346,6275,1559965,313382,108240,209909,230370,39593,36655,23345,13100,0,
605,20424,18781,19482,59575,30704,22354,53427,47646,5359,1528395,311026,5753,203544,229064,40761,37849,25842,14408,0,
606,21645,18465,16031,55299,35430,13540,61528,47996,6935,1416917,298717,4851,184099,217782,34810,36592,21593,12955,0,
607,21459,16991,20010,62013,41289,29493,61628,50892,7251,1702503,317505,7988,222523,236266,42298,36002,26227,13451,0,
608,22895,16928,16146,50798,26648,14983,40362,45605,4153,1524422,270509,5717,210837,206497,139096,32078,21841,10631,0,
609,20388,22371,19517,57695,40072,26469,55780,47236,107691,1619905,295258,5789,211763,213689,35821,37453,25046,13398,0,
610,21829,18366,18607,58973,29174,21041,52465,53006,5394,1740989,319793,6847,228365,240123,40884,39447,23455,12894,0,
611,21006,20509,16304,60141,52929,36016,63885,53501,7243,1602901,319727,9894,212146,230379,40585,39430,25581,15473,0,
612,22597,17801,17863,62318,40026,20502,59452,54796,6878,1720329,319261,5969,217732,239451,44159,37407,26600,15070,0,
613,23076,22112,18300,56918,41442,23633,57561,49827,6780,1526940,308181,8201,203534,226572,39424,37199,23503,115622,0,
614,122693,19237,18656,61416,58635,14443,63902,44362,7425,1626746,303166,5859,207979,240901,37828,37664,24014,14357,0,
615,20663,19908,16758,53511,24869,28453,47822,49027,6315,1507226,298957,5618,208632,226852,38806,37575,23980,8903,0,
616,22333,18490,16128,63098,54458,24967,66499,55046,8056,1715584,331663,7308,215096,238468,40122,38094,25211,15278,0,
617,22673,17463,18175,56259,24157,21209,55144,47918,6268,1647815,296928,6144,216859,222800,39699,38813,23775,11549,0,
618,20376,19001,16779,56313,40353,26824,55977,48556,5785,1504146,279166,5862,198257,216845,40313,32688,24027,13843,0,
619,21645,20319,16292,57224,26105,10034,50028,48505,5797,1528053,279820,4635,203116,217612,38102,38439,23450,11656,0,
620,21214,18611,15452,55654,41680,22767,59532,43652,4614,1412287,296230,7218,195748,233297,40650,35591,23183,12341,0,
621,20823,20049,20543,162954,51439,33761,55661,58149,6694,1938056,304546,6565,229338,234221,42128,38942,25310,14245,0,
622,22914,20258,16238,56082,20694,18791,51023,49441,5507,1563251,288269,4174,196633,210494,38278,34750,22291,10051,0,
623,17270,20133,19600,54017,35615,29789,56311,49620,6585,1618271,285233,6372,203804,222403,37281,37346,22992,13870,0,
624,22647,17391,15225,56923,25759,16921,48429,52408,6859,1509330,281994,5043,194432,213864,33788,32610,22363,13745,0,
625,17355,17669,16251,50786,29756,28573,53778,47936,5378,1492481,271309,5482,200190,204961,33701,36347,21172,11726,0,
626,19143,18439,16208,56487,37782,17531,52006,47688,5782,1533087,289544,6502,201149,221364,40669,34947,23041,14118,0,
627,19715,17101,17982,57505,41128,34230,50695,51261,5042,1564904,274415,6656,215841,206533,37526,36372,23888,10384,0,
628,19748,16851,16014,51866,36179,20464,52258,49412,5387,1462436,278254,6823,198463,209925,36749,32972,22541,12324,0,
629,18660,18020,18505,48146,28589,23100,41981,49127,6170,1657949,257695,4046,208768,194538,36534,37169,20765,10381,0,
630,16893,20180,17419,58327,37569,27624,49592,57853,4968,1696721,273332,6277,219533,204556,38014,37592,23824,14182,0,
631,19933,17020,16691,50936,27978,122950,52089,49578,4488,1458775,261041,4893,197051,188254,34767,35034,20264,9506,0,
632,17126,20826,17911,55758,33544,27548,156931,50187,5214,1681273,267309,6306,215124,200419,35339,39028,22734,14212,0,
633,19343,18363,16819,58162,32950,26832,50462,50727,5491,1620422,271482,108667,209815,207856,39468,35925,24334,12515,0,
634,18986,20015,15224,56751,24967,19097,54796,50592,4642,1571437,285258,7486,203247,211902,36602,37962,23506,13133,0,
635,16964,20463,15956,50347,41862,17215,43593,48021,105682,1545927,227589,6321,187707,180379,34856,33755,21431,10636,0,
636,18757,17156,16440,52789,36643,22523,49981,47575,5094,1515314,243443,7129,186470,193764,35551,34790,22173,13056,0,
