,Reconstruction_error,True_class
0,148.17437744140625,0
1,3.910465359687805,0
2,9.620401382446289,0
3,9.717171728610992,0
4,31.26970329284668,0
5,29.76882438659668,0
6,46.057840728759764,0
7,32.2284610748291,0
8,27.836670684814454,0
9,29.596369171142577,0
10,6.41795539855957,0
11,2.2267176508903503,0
12,46.195620727539065,0
13,45.05219268798828,0
14,53.092314910888675,0
15,43.101522827148436,0
16,10.773982429504395,0
17,10.738634967803955,0
18,3.263073579967022,0
19,6.256869983673096,0
20,32.18309783935547,0
21,11.706300735473633,0
22,5.809227466583252,0
23,9.430054759979248,0
24,11.882100772857665,0
25,98.5655288696289,0
26,60.42953720092773,0
27,68.7446075439453,0
28,7.617260932922363,0
29,43.575535202026366,0
30,37.148254013061525,0
31,47.11480026245117,0
32,2.9719248533248903,0
33,27.049360275268555,0
34,27.37646026611328,0
35,17.058811569213866,0
36,3.367226076126099,0
37,3.027199184894562,0
38,74.20799255371094,0
39,90.34701766967774,0
40,85.5152717590332,0
41,7.037774324417114,0
42,3.6357755184173586,0
43,4.206253957748413,0
44,29.253528022766112,0
45,25.110959243774413,0
46,43.684085845947266,0
47,4.1400331377983095,0
48,3.8543402910232545,0
49,6.418901062011718,0
50,2.6249167740345003,0
51,20.46437201499939,0
52,20.25562298297882,0
53,-0.5260094314813614,0
54,0.5285153150558471,0
55,-0.7480599880218506,0
56,-1.0439276039600371,0
57,5.5770996570587155,0
58,3.903396463394165,0
59,-0.17101643085479737,0
60,22.39841146469116,0
61,1.0390570878982544,0
62,4.346404409408569,0
63,17.125475120544433,0
64,13.136692345142365,0
65,29.65790843963623,0
66,31.568659782409668,0
67,15.597709560394287,0
68,9.482025814056396,0
69,4.478182411193847,0
70,18.75196533203125,0
71,12.271470499038696,0
72,18.46048221588135,0
73,12.041791772842407,0
74,4.753439426422119,0
75,4.688460218906402,0
76,3.1780373573303224,0
77,1.4951871275901794,0
78,10.221179509162903,0
79,3.7201328039169312,0
80,16.787447500228883,0
81,9.971888947486878,0
82,0.008114105463027954,0
83,0.49315125942230226,0
84,-0.46436731815338134,0
85,2.355767619609833,0
86,6.519502925872803,0
87,16.29017815589905,0
88,5.013760066032409,0
89,-1.1892271280288695,0
90,11.55500020980835,0
91,8.699481678009032,0
92,4.120109176635742,0
93,4.62162024974823,0
94,0.8512945473194122,0
95,8.300134372711181,0
96,7.999438142776489,0
97,-1.4620041608810426,0
98,6.529421305656433,0
99,32.821967124938965,0
100,15.643657445907593,0
101,6.070514583587647,0
102,0.7729081749916077,0
103,1.2088616728782653,0
104,6.139094972610474,0
105,4.707804870605469,0
106,4.669835996627808,0
107,1.116979682445526,0
108,1.4140393733978271,0
109,-1.004798063635826,0
110,4.838918685913086,0
111,5.0603642702102665,0
112,9.06709976196289,0
113,1.2790890753269195,0
114,5.36331148147583,0
115,20.57226597070694,0
116,21.47347183227539,0
117,4.120747685432434,0
118,-0.1288415789604187,0
119,8.36794445514679,0
120,5.186063146591186,0
121,1.9237878680229188,0
122,8.957893419265748,0
123,8.65927894115448,0
124,7.733154511451721,0
125,-1.2672284722328186,0
126,2.3303067445755006,0
127,3.6181711673736574,0
128,-1.104939708672464,0
129,8.976869440078735,0
130,2.8852378100156786,0
131,3.698258090019226,0
132,0.8174414575099945,0
133,5.537772512435913,0
134,3.5950915813446045,0
135,5.292766261100769,0
136,7.291618299484253,0
137,9.149450540542603,0
138,7.7241371154785154,0
139,19.844355034828187,0
140,16.662037658691407,0
141,3.2277463912963866,0
142,3.7020968347787857,0
143,8.745695972442627,0
144,20.603701972961424,0
145,39.675682067871094,0
146,0.23520357310771942,0
147,-0.683159601688385,0
148,7.585016489028931,0
149,4.519494295120239,0
150,5.975289368629456,0
151,6.301491069793701,0
152,19.67483835220337,0
153,6.553921751864254,0
154,13.863160610198975,0
155,1.0872645616531371,0
156,8.379789257049561,0
157,6.794757747650147,0
158,4.8569952011108395,0
159,0.3606329172849655,0
160,0.14280441403388977,0
161,0.4216546416282654,0
162,3.580627942085266,0
163,0.5635509103536606,0
164,3.252895736694336,0
165,15.68448555469513,0
166,15.157311916351318,0
167,9.802947568893433,0
168,1.1519875049591064,0
169,2.3136841535568236,0
170,10.686725270748138,0
171,4.992526838183403,0
172,2.7443649530410767,0
173,13.731888008117675,0
174,24.59795265197754,0
175,53.806436157226564,0
176,8.422708284854888,0
177,9.005530405044556,0
178,10.608573269844054,0
179,3.5787902891635897,0
180,4.5743070304393765,0
181,19.476240158081055,0
182,-1.276144540309906,0
183,4.163920474052429,0
184,6.534399890899659,0
185,1.9256196737289428,0
186,3.905860710144043,0
187,16.842545557022095,0
188,1.5862162917852403,0
189,0.5444738268852234,0
190,0.03790811598300934,0
191,15.447836542129517,0
192,0.8876205682754517,0
193,14.739324474334717,0
194,2.8811609745025635,0
195,16.36255102157593,0
196,6.231591415405274,0
197,3.0438814640045164,0
198,3.1800225734710694,0
199,10.804692339897155,0
200,13.945856022834779,0
201,3.629220175743103,0
202,16.3851975440979,0
203,6.9381386041641235,0
204,4.585884845256805,0
205,5.106384134292602,0
206,-0.582031820481643,0
207,-0.39965463876724244,0
208,1.38094642162323,0
209,0.5064548075199127,0
210,1.461959969997406,0
211,4.428802919387818,0
212,-0.873033881187439,0
213,5.719377946853638,0
214,10.225014209747314,0
215,1.0329542011022568,0
216,8.475315380096436,0
217,6.140672636032105,0
218,-0.9416884288191796,0
219,1.2135688066482544,0
220,4.3049072265625,0
221,-0.9832519449293613,0
222,2.6220852613449095,0
223,6.754757213592529,0
224,11.271947765350342,0
225,3.2712276458740233,0
226,1.6614620685577393,0
227,14.208625054359436,0
228,0.32891091108322146,0
229,11.032401394844054,0
230,17.970515370368958,0
231,10.475078654289245,0
232,2.380506455898285,0
233,6.844277787208557,0
234,-0.5829826839268207,0
235,4.262943363189697,0
236,3.5074585914611816,0
237,1.1232490062713623,0
238,3.774483823776245,0
239,1.7714673042297364,0
240,2.394683909416199,0
241,8.028114128112794,0
242,10.133764696121215,0
243,2.055665612220764,0
244,1.1653118848800659,0
245,4.972482299804687,0
246,9.302043437957764,0
247,12.22161955833435,0
248,1.4053611040115357,0
249,7.575589978694916,0
250,6.370370221138001,0
251,4.542067170143127,0
252,3.1317765533924105,0
253,0.9097244501113891,0
254,4.754273796081543,0
255,1.1299168169498444,0
256,4.243450990319252,0
257,11.678874850273132,0
258,2.0109461307525636,0
259,4.876053142547607,0
260,8.024726390838623,0
261,10.102047729492188,0
262,9.798832368850707,0
263,-1.8243873357772826,0
264,2.483216667175293,0
265,5.719272804260254,0
266,-0.5285372201353311,0
267,1.0947101354598998,0
268,9.72541069984436,0
269,4.2442080736160275,0
270,-0.15225594043731688,0
271,5.956440687179565,0
272,2.9173504114151,0
273,-0.6196005821228028,0
274,10.005179715156554,0
275,9.886579930782318,0
276,20.154369401931763,0
277,-0.9382029354572297,0
278,10.99644285440445,0
279,0.4896105319261551,0
280,1.0079066038131714,0
281,5.028354930877685,0
282,8.335901188850404,0
283,4.82700629234314,0
284,0.3789513885974884,0
285,7.023099446296692,0
286,15.62849689722061,0
287,5.298057985305786,0
288,-0.7231151893734932,0
289,7.711483383178711,0
290,1.6328358411788941,0
291,0.627567034959793,0
292,7.701082825660706,0
293,10.77010338306427,0
294,7.3538120746612545,0
295,17.016814994812012,0
296,13.774736690521241,0
297,6.666596817970276,0
298,6.888945579528809,0
299,1.2770886421203613,0
300,2.0759664297103884,0
301,8.021197700500489,0
302,12.465271234512329,0
303,0.809243667125702,0
304,11.10036129951477,0
305,0.10819672346115113,0
306,-0.4039453864097595,0
307,-1.6489329934120178,0
308,5.430403518676758,0
309,12.324929523468018,0
310,1.6069424629211426,0
311,-0.8918258011341095,0
312,7.660158777236939,0
313,6.396066331863404,0
314,-0.7456816554069519,0
315,1.6969763517379761,0
316,2.507379150390625,0
317,9.552754354476928,0
318,4.160226106643677,0
319,5.978312563896179,0
320,-1.3455575466156007,0
321,9.935106229782104,0
322,8.581658697128296,0
323,3.445339584350586,0
324,0.3518857568502426,0
325,4.4462126851081845,0
326,-0.4870439440011978,0
327,5.23008291721344,0
328,16.20638327598572,0
329,-0.6588426530361176,0
330,17.103865885734557,0
331,12.931924867630006,0
332,18.35212163925171,0
333,3.272752809524536,0
334,25.53747501373291,0
335,2.4160425901412963,0
336,1.5569040060043335,0
337,9.000430727005005,0
338,4.678507661819458,0
339,2.556593179702759,0
340,0.6118185311555863,0
341,6.306336832046509,0
342,2.5651949405670167,0
343,0.5922383278608322,0
344,3.8673832416534424,0
345,5.673017978668213,0
346,4.936748361587524,0
347,3.2646984219551087,0
348,16.824180841445923,0
349,6.176225233078003,0
350,13.168708276748657,0
351,16.861455023288727,0
352,17.148613572120667,0
353,1.9929949164390564,0
354,0.6911449134349823,0
355,9.861519455909729,0
356,21.08094186782837,0
357,1.591952395439148,0
358,0.6775825202465058,0
359,-0.5601470351219178,0
360,4.184619760513305,0
361,4.398369574546814,0
362,6.14354168176651,0
363,0.8609693288803101,0
364,17.64518642425537,0
365,6.44367470741272,0
366,2.5021239519119263,0
367,5.813078165054321,0
368,1.793385672569275,0
369,2.128310537338257,0
370,1.422729778289795,0
371,6.290247583389283,0
372,2.558612513542175,0
373,0.5747010231018066,0
374,6.920938920974732,0
375,7.871353483200073,0
376,4.921193814277649,0
377,-1.6059314966201783,0
378,3.2380624055862426,0
379,4.88409206867218,0
380,1.840136218070984,0
381,9.348413681983947,0
382,5.533747506141663,0
383,11.17894778251648,0
384,12.148346662521362,0
385,8.410224431753159,0
386,17.397358027100562,0
387,6.698075675964356,0
388,3.744100034236908,0
389,19.102402114868163,0
390,3.9832136034965515,0
391,7.166069412231446,0
392,0.5910942703485489,0
393,4.189533424377442,0
394,12.678017354011535,0
395,13.15868945121765,0
396,1.2943922132253647,0
397,8.621664476394653,0
398,11.913992857933044,0
399,0.853849732875824,0
400,2.5797560691833494,0
401,1.226520800590515,0
402,0.2894293390214443,0
403,1.9025086879730224,0
404,6.840307569503784,0
405,3.01962730884552,0
406,0.6869874417781829,0
407,4.213192796707153,0
408,3.523252070695162,0
409,4.154037725552916,0
410,17.73833203315735,0
411,18.494357872009278,0
412,16.248085927963256,0
413,9.37560248374939,0
414,1.2493668973445893,0
415,16.88568937778473,0
416,4.9886934638023375,0
417,0.5180689036846161,0
418,0.8994351923465729,0
419,1.4345012307167053,0
420,15.1823646068573,0
421,8.657772588729859,0
422,5.722450399398804,0
423,10.122121095657349,0
424,-0.5934160828590394,0
425,13.574101638793945,0
426,14.844184398651123,0
427,5.5516199469566345,0
428,10.18651602268219,0
429,2.6788888931274415,0
430,7.367231750488282,0
431,5.035686802864075,0
432,-0.4837344169616699,0
433,-0.6087816655635834,0
434,4.49163339138031,0
435,9.874748516082764,0
436,5.4035642623901365,0
437,2.3044634222984315,0
438,12.736760568618774,0
439,4.337315702438355,0
440,10.247742176055908,0
441,4.977307462692261,0
442,0.6612703621387481,0
443,7.373683476448059,0
444,8.909003829956054,0
445,5.541227102279663,0
446,3.3177237033843996,0
447,-1.5049474000930787,0
448,8.323574542999268,0
449,1.2862906396389007,0
450,21.575629472732544,0
451,-1.4470509529113769,0
452,0.3926951587200165,0
453,6.943714070320129,0
454,17.68141713142395,0
455,-0.2855592846870422,0
456,2.2304201126098633,0
457,10.567238330841064,0
458,7.858462452888489,0
459,1.4220207810401917,0
460,1.8183760166168212,0
461,6.473191392421723,0
462,10.744248914718629,0
463,-0.5250010088086128,0
464,3.3533724784851073,0
465,2.882918268442154,0
466,3.730083000659943,0
467,0.47518250346183777,0
468,5.354821109771729,0
469,3.504130780696869,0
470,3.87834370136261,0
471,4.2503253519535065,0
472,-1.1023502409458161,0
473,3.682097864151001,0
474,9.37281494140625,0
475,-0.09729982316493987,0
476,1.2379492700099946,0
477,-0.32987211346626283,0
478,2.3042542934417725,0
479,5.639961913228035,0
480,0.2848193824291229,0
481,10.254225766658783,0
482,15.94705548286438,0
483,0.514242222905159,0
484,0.7004325568675995,0
485,2.5617602109909057,0
486,11.598223304748535,0
487,10.337925338745118,0
488,2.6525625824928283,0
489,-0.2692852050065994,0
490,5.172837543487549,0
491,0.6000412166118622,0
492,6.7599200248718265,0
493,9.596249252557755,0
494,12.070478582382203,0
495,2.315400791168213,0
496,7.770427560806274,0
497,6.8442039608955385,0
498,2.958339011669159,0
499,12.885176944732667,0
500,8.995677208900451,0
501,3.408873701095581,0
502,-0.42640100717544555,0
503,8.174378287792205,0
504,8.577388501167297,0
505,26.19165427684784,0
506,0.8658214032649993,0
507,2.632199788093567,0
508,5.798918437957764,0
509,0.668088686466217,0
510,5.68057234287262,0
511,1.9144032835960387,0
512,-0.8504304498434067,0
513,1.9490753650665282,0
514,4.5717397093772885,0
515,6.961337280273438,0
516,-0.5653640151023864,0
517,-1.061347097158432,0
518,4.3961844682693485,0
519,6.661761045455933,0
520,0.29801114201545714,0
521,-1.0425423502922058,0
522,-0.9110972881317139,0
523,7.175967788696289,0
524,12.17173388004303,0
525,-0.35777540504932404,0
526,24.734734582901,0
527,5.0539329051971436,0
528,10.382024705410004,0
529,1.967827033996582,0
530,1.4607205867767334,0
531,10.628984761238097,0
532,-0.9804559744894504,0
533,7.206758785247803,0
534,30.629330825805663,0
535,6.538412380218506,0
536,0.7476041369140148,0
537,0.4487403020262718,0
538,3.0872756481170653,0
539,1.4406147241592406,0
540,-0.32626730799674986,0
541,0.40779379233717916,0
542,4.861529731750489,0
543,3.9838909566402436,0
544,6.887320882081985,0
545,8.06803846359253,0
546,5.45112954378128,0
547,4.028304466605187,0
548,2.691857707500458,0
549,0.15928796045482158,0
550,3.072950911521912,0
551,6.016630217432976,0
552,4.058064079284668,0
553,2.239677059650421,0
554,9.791798496246338,0
555,6.65069351196289,0
556,1.1345327854156495,0
557,6.910615062713623,0
558,0.42779281437397004,0
559,2.097192656993866,0
560,9.72554521560669,0
561,17.159838724136353,0
562,26.891357707977296,0
563,20.32804117202759,0
564,2.682886302471161,0
565,2.085042780637741,0
566,17.008720695972443,0
567,0.022043168544769287,0
568,3.7155340909957886,0
569,1.5281604170799254,0
570,2.8381277561187743,0
571,2.1059335291385652,0
572,6.039234352111817,0
573,-0.8880604028701782,0
574,12.387026476860047,0
575,29.06203899383545,0
576,1.8935184001922607,0
577,-0.7379353046417236,0
578,3.9792758345603945,0
579,10.388878643512726,0
580,-0.9150968849658966,0
581,1.2754333376884461,0
582,1.6012851357460023,0
583,11.875077033042908,0
584,1.0297210574150086,0
585,10.932735407352448,0
586,4.9538167238235475,0
587,1.018979835510254,0
588,6.461391484737396,0
589,0.3115340113639832,0
590,16.398396039009093,0
591,7.568312191963196,0
592,17.453631806373597,0
593,4.747328805923462,0
594,12.785491228103638,0
595,2.175898629426956,0
596,13.813716280460358,0
597,15.155410134792328,0
598,3.1208032846450804,0
599,19.877527076005936,0
600,1.9340988993644714,0
601,3.735074257850647,0
602,13.125936722755432,0
603,5.428272390365601,0
604,13.07727279663086,0
605,20.38911008834839,0
606,14.766556292772293,0
607,30.75800204873085,0
608,6.3202673435211185,0
609,3.1110241651535033,0
610,4.02142413854599,0
611,10.15224916934967,0
612,-0.2406213641166687,0
613,7.5574921607971195,0
614,-0.23031744211912156,0
615,1.4003576919436456,0
616,-0.21215786281973123,0
617,5.677318978309631,0
618,5.724345731735229,0
619,14.892619562149047,0
620,16.22377738952637,0
621,7.366403865814209,0
622,3.3907856941223145,0
623,4.331148719787597,0
624,1.4852296829223632,0
625,1.7200924634933472,0
626,2.5404837369918822,0
627,1.234827533364296,0
628,2.852992057800293,0
629,15.688018369674683,0
630,0.6592551469802856,0
631,5.1872211456298825,0
632,12.479365134239197,0
633,6.521562515199184,0
634,5.931874838471413,0
635,9.604931807518005,0
636,21.734798979759216,0
637,18.20748724937439,0
638,0.13355963286012412,0
639,25.753651428222657,0
640,8.029671454429627,0
641,5.702702426910401,0
642,6.980244112014771,0
643,-0.14314775737002491,0
644,5.901797080039978,0
645,-1.8012434244155884,0
646,9.281058025360107,0
647,3.3264850854873655,0
648,1.3352795481681823,0
649,3.6428315162658693,0
650,8.906523180007934,0
651,0.9999579429626465,0
652,8.233911848068237,0
653,19.541410326957703,0
654,6.3954619526863095,0
655,11.632195016741752,0
656,1.2165924601256848,0
657,7.182622575759888,0
658,19.894927144050598,0
659,8.955162978172302,0
660,4.166146540641785,0
661,8.015869933366776,0
662,7.12119243144989,0
663,2.375677800178528,0
664,1.7238489449024201,0
665,22.797079849243165,0
666,1.2497498214244842,0
667,7.322125577926636,0
668,8.508763754367829,0
669,18.152390837669373,0
670,7.381776905059814,0
671,11.410398280620575,0
672,7.535790646076203,0
673,14.49388415813446,0
674,10.272022640705108,0
675,4.4881230056285855,0
676,10.363317823410034,0
677,11.382580757141113,0
678,13.546462500095368,0
679,4.818298511207104,0
680,10.543644428253174,0
681,27.173906326293945,0
682,14.565623569488526,0
683,19.65578556060791,0
684,13.88115119934082,0
685,7.635421323776245,0
686,12.909150123596191,0
687,9.370875459909438,0
688,8.993725872039795,0
689,12.864875984191894,0
690,33.05882549285889,0
691,15.89360990524292,0
692,14.579641288518905,0
693,18.594625568389894,0
694,13.936251258850097,0
695,12.320626068115235,0
696,11.78031234741211,0
697,5.876279985904693,0
698,4.605893886089325,0
699,7.218503713607788,0
700,6.735490226745606,0
701,3.574356746673584,0
702,6.422191333770752,0
703,2.570570892095566,0
704,0.06824733018875122,0
705,5.648829555511474,0
706,2.2903049156069755,0
707,2.2575420126318932,0
708,5.5030218124389645,0
709,5.026050090789795,0
710,-0.5765728712081909,0
711,23.068712615966795,0
712,10.907535552978516,0
713,4.784408915042877,0
714,10.503279876708984,0
715,4.493435803055763,0
716,5.3019062042236325,0
717,0.3256252855062485,0
718,1.4604155473411082,0
719,3.092849779129028,0
720,15.255087184906007,0
721,13.193228721618652,0
722,0.6130563031882048,0
723,0.61439368724823,0
724,3.2715625047683714,0
725,0.8102344602346421,0
726,12.457720184326172,0
727,5.224487543106079,0
728,12.377403783798218,0
729,8.076184672117233,0
730,4.5661478519439695,0
731,13.55999584197998,0
732,0.5393689751625061,0
733,3.101136249303818,0
734,4.381583195924759,0
735,3.8380062580108643,0
736,5.262988007068634,0
737,3.139539051055908,0
738,9.376786786317826,0
739,8.309558153152466,0
740,7.544410300254822,0
741,1.877620879560709,0
742,18.576176643371582,0
743,4.216998589783907,0
744,9.787456679344178,0
745,0.9176688581705094,0
746,0.3039016366004944,0
747,4.3690359652042385,0
748,10.483384591341018,0
749,1.7685277581214904,0
750,5.439494121074676,0
751,5.9771406054496765,0
752,11.301165056228637,0
753,29.035988998413085,0
754,17.207290744781496,0
755,2.4165540456771852,0
756,9.019546151161194,0
757,15.635988116264343,0
758,2.8312751054763794,0
759,1.2652094900608062,0
760,5.0178440570831295,0
761,0.4866063639521599,0
762,3.2497525930404665,0
763,8.536152243614197,0
764,8.498829460144043,0
765,2.703719878196716,0
766,2.5582061052322387,0
767,1.7087677791714668,0
768,9.88685245513916,0
769,5.3536052137613295,0
770,28.927111053466795,0
771,21.66410541534424,0
772,24.642245483398437,0
773,5.328383839130401,0
774,12.255607461929321,0
775,1.343084192276001,0
776,10.202962636947632,0
777,4.844881892204285,0
778,36.99250602722168,0
779,24.33583583831787,0
780,7.559764671325683,0
781,8.082245826721191,0
782,20.72321135997772,0
783,-0.5565587878227234,0
784,-0.31519965529441835,0
785,6.351990222930908,0
786,7.558589535951614,0
787,7.918245935440064,0
788,2.0243027925491335,0
789,1.507167685031891,0
790,4.230781030654907,0
791,5.692159295082092,0
792,1.6680423498153687,0
793,21.422887325286865,0
794,3.432124876976013,0
795,-0.5739242792129516,0
796,10.4781804561615,0
797,6.0463111877441404,0
798,18.1579288482666,0
799,7.6699238300323485,0
800,11.174392318725586,0
801,14.148738479614257,0
802,5.1369998216629025,0
803,8.541137266159058,0
804,1.418399441242218,0
805,4.501883149147034,0
806,1.639011800289154,0
807,8.487017178535462,0
808,2.395578622817993,0
809,8.913775610923768,0
810,6.8309022128582,0
811,3.4775284051895143,0
812,2.8717652380466463,0
813,1.238256711512804,0
814,3.224765110015869,0
815,1.694386887550354,0
816,1.6461093459278344,0
817,7.546550597250461,0
818,0.714074844121933,0
819,5.140649831295013,0
820,4.771390843391418,0
821,1.4831303596496581,0
822,8.059689140319824,0
823,1.653210175037384,0
824,4.91124267578125,0
825,6.137835156917572,0
826,2.8266985177993775,0
827,19.77047154903412,0
828,-1.9821366786956787,0
829,7.194601964950562,0
830,4.834972906112671,0
831,-0.8634870290756226,0
832,7.316345691680908,0
833,6.8190533995628355,0
834,0.277248215675354,0
835,5.634357452392578,0
836,16.51954345703125,0
837,5.554053401947021,0
838,15.191894149780273,0
839,1.4628214597702027,0
840,8.170721936225892,0
841,15.856068325042724,0
842,5.944447202980518,0
843,5.114812308549881,0
844,23.60026626586914,0
845,3.3924819946289064,0
846,2.505703020095825,0
847,7.716747212409973,0
848,2.263750600814819,0
849,-1.4177903532981873,0
850,-0.4134117871522903,0
851,4.627825307846069,0
852,3.4007512092590333,0
853,0.8346051454544068,0
854,3.073625183105469,0
855,0.640672254562378,0
856,2.647636651992798,0
857,7.955338978767395,0
858,4.82741044536233,0
859,4.471476745605469,0
860,2.093765863776207,0
861,3.0713711738586427,0
862,7.969436573982239,0
863,14.880833983421326,0
864,3.229326581954956,0
865,2.2157437324523928,0
866,0.18966477811336518,0
867,9.45446495115757,0
868,1.9634280815720557,0
869,4.461693620681762,0
870,6.548653411865234,0
871,5.708136415481567,0
872,0.2229500651359558,0
873,5.3205788910388945,0
874,8.979387235641479,0
875,5.466163682937622,0
876,3.581020545959473,0
877,33.87874822616577,0
878,4.064607906341553,0
879,2.1205417454242705,0
880,2.3507399559020996,0
881,6.868979263305664,0
882,3.090296196937561,0
883,14.58489282131195,0
884,5.046419715881347,0
885,0.6010145664215087,0
886,0.5763790978118777,0
887,1.1010429382324218,0
888,8.477584385871888,0
889,0.37394593358039857,0
890,-0.6988197773694992,0
891,-0.1389368712902069,0
892,-1.278471913933754,0
893,15.185749816894532,0
894,20.1441330909729,0
895,4.054704093933106,0
896,13.642248058319092,0
897,9.924164128303527,0
898,3.832545018196106,0
899,9.739490342140197,0
900,3.148942530155182,0
901,7.530268430709839,0
902,8.643743896484375,0
903,4.95291223526001,0
904,10.080416774749756,0
905,7.4210789680480955,0
906,22.38722996711731,0
907,23.164934825897216,0
908,0.5177921652793884,0
909,-0.21547420620918273,0
910,21.334755396842958,0
911,5.167942357063294,0
912,7.3922964334487915,0
913,5.408311128616333,0
914,-1.469861900806427,0
915,19.05246834754944,0
916,2.772464156150818,0
917,3.190465307235718,0
918,4.53992121219635,0
919,-0.23331029415130616,0
920,2.628118467330933,0
921,-0.3300365537405014,0
922,12.68603310585022,0
923,13.940832543373109,0
924,1.4132904052734374,0
925,14.422320401668548,0
926,0.4135415941476822,0
927,0.16193000376224517,0
928,1.1775420665740968,0
929,1.783498501777649,0
930,3.0226097106933594,0
931,6.744982957839966,0
932,0.9658305525779725,0
933,2.1040963232517242,0
934,23.405246353149415,0
935,13.749460697174072,0
936,28.75987319946289,0
937,2.76571980714798,0
938,0.7963681101799012,0
939,12.832009482383729,0
940,0.13503812476992608,0
941,-1.1858930498361588,0
942,8.064546823501587,0
943,3.7819181203842165,0
944,6.7665390312671665,0
945,13.659472370147705,0
946,10.729558324813842,0
947,11.554122972488404,0
948,0.5192604467272759,0
949,7.426821231842041,0
950,8.647735166549683,0
951,3.6985148906707765,0
952,3.7671796441078187,0
953,1.1790274500846862,0
954,0.5460463523864746,0
955,5.0909380435943605,0
956,-0.6856675148010254,0
957,4.807456135749817,0
958,-1.344819974899292,0
959,-0.7614134848117828,0
960,12.954558259248733,0
961,0.2884044051170349,0
962,-1.6496483087539673,0
963,2.2770493745803835,0
964,1.3960597038269043,0
965,-0.2768758237361908,0
966,-0.6218360647559166,0
967,1.4365004658699037,0
968,4.006375503540039,0
969,-1.1872961401939393,0
970,-1.6372393369674683,0
971,12.82816162109375,0
972,2.039577579498291,0
973,6.504201745986938,0
974,2.3884148597717285,0
975,3.699017143249512,0
976,2.2234427452087404,0
977,3.5260594844818116,0
978,3.970609426498413,0
979,6.709937500953674,0
980,7.455264902114868,0
981,2.1118942737579345,0
982,1.831531047821045,0
983,1.7081915736198425,0
984,5.4602056503295895,0
985,7.969997358322144,0
986,0.8631552696228028,0
987,-0.041111314296722413,0
988,3.9103857278823853,0
989,2.2060132026672363,0
990,11.669478464126588,0
991,0.011842209100723266,0
992,-0.8480407439172268,0
993,0.21502432674169542,0
994,-0.22760303765535356,0
995,3.7709217071533203,0
996,1.3120254278182983,0
997,4.1538207769393924,0
998,19.70164852142334,0
999,4.896755123138428,0
1000,14.494599270820618,0
1001,11.34196925163269,0
1002,1.7804894208908082,0
1003,4.84476866722107,0
1004,17.24762554168701,0
1005,7.5662606716156,0
1006,3.752372169494629,0
1007,-0.44707361459732053,0
1008,11.67505235671997,0
1009,2.6375424802303313,0
1010,36.9477294921875,0
1011,12.16937484741211,0
1012,17.52268730401993,0
1013,1.454942274093628,0
1014,0.820943558216095,0
1015,3.5068610668182374,0
1016,6.073745250701904,0
1017,7.110719412565231,0
1018,-0.2505075246095657,0
1019,-0.9874639689922333,0
1020,0.8435731053352356,0
1021,9.939041757583619,0
1022,0.45753740072250365,0
1023,7.32384181022644,0
1024,-0.876584792882204,0
1025,0.5484095692634583,0
1026,-0.8990158438682556,0
1027,7.075754034519195,0
1028,13.503270483016967,0
1029,11.444364547729492,0
1030,3.8752458572387694,0
1031,10.538297319412232,0
1032,5.168356931209564,0
1033,4.604067325592041,0
1034,6.315639472007751,0
1035,6.243380975723267,0
1036,-1.881317687034607,0
1037,12.366792678833008,0
1038,10.95320708155632,0
1039,13.4627117395401,0
1040,8.605064928531647,0
1041,3.4145567417144775,0
1042,2.354687738418579,0
1043,7.944316816329956,0
1044,1.8690354824066162,0
1045,6.470683002471924,0
1046,3.641701364517212,0
1047,2.4636785328388213,0
1048,13.873442983627319,0
1049,17.328469657897948,0
1050,5.273144292831421,0
1051,1.950136947631836,0
1052,7.278306102752685,0
1053,1.8625312328338623,0
1054,2.5795233964920046,0
1055,1.3526774287223815,0
1056,5.796217823028565,0
1057,10.474198341369629,0
1058,1.0599132150411605,0
1059,8.778019857406616,0
1060,8.990223121643066,0
1061,2.3088703989982604,0
1062,13.70273823738098,0
1063,5.839697217941284,0
1064,2.988825821876526,0
1065,2.8931790828704833,0
1066,-0.14049504995346068,0
1067,1.588150405883789,0
1068,0.2755389273166656,0
1069,7.32000607252121,0
1070,1.4061289012432099,0
1071,-0.48933334872126577,0
1072,12.715089321136475,0
1073,-0.10837650895118714,0
1074,6.285639119148255,0
1075,4.565735125541687,0
1076,18.781821632385252,0
1077,2.239196765422821,0
1078,6.509296298027039,0
1079,8.86660407781601,0
1080,24.673669815063477,0
1081,6.589408588409424,0
1082,9.911302947998047,0
1083,18.567231750488283,0
1084,8.195289611816406,0
1085,8.851163959503173,0
1086,3.8426076412200927,0
1087,4.059483623504638,0
1088,6.3848553657531735,0
1089,8.532201504707336,0
1090,18.55140814781189,0
1091,5.982126951217651,0
1092,7.032881379127502,0
1093,6.509547758102417,0
1094,8.73105263710022,0
1095,1.4688582181930543,0
1096,-0.35678675174713137,0
1097,-1.4712061405181884,0
1098,2.8155609369277954,0
1099,5.442332744598389,0
1100,7.793317151069641,0
1101,1.7876816987991333,0
1102,5.742870044708252,0
1103,4.111070084571838,0
1104,2.074665570259094,0
1105,4.770569467544556,0
1106,1.7649571239948272,0
1107,14.916757249832154,0
1108,1.6849157571792603,0
1109,5.810408687591552,0
1110,0.6741636753082275,0
1111,0.2519389152526855,0
1112,8.900157475471497,0
1113,-0.7791566848754883,0
1114,11.598969101905823,0
1115,6.294445586204529,0
1116,10.293210625648499,0
1117,3.14662446975708,0
1118,29.452212715148924,0
1119,2.1211365342140196,0
1120,5.418274021148681,0
1121,11.176662254333497,0
1122,1.6098470211029052,0
1123,1.829682970046997,0
1124,-1.2522372782230378,0
1125,2.3407055139541626,0
1126,3.860278445482254,0
1127,1.8558928430080415,0
1128,8.221320223808288,0
1129,6.152468156814575,0
1130,1.6916026771068573,0
1131,0.8088762998580933,0
1132,1.6266719341278075,0
1133,0.7405385628342629,0
1134,3.7051931619644165,0
1135,25.482348896563053,0
1136,-1.263469929434359,0
1137,3.5739185571670533,0
1138,0.11022781133651734,0
1139,1.1859597325325013,0
1140,8.202921485900879,0
1141,11.749482613801955,0
1142,-1.3793662190437317,0
1143,-0.7285958371125162,0
1144,2.0985471844673156,0
1145,7.401055145263672,0
1146,4.430151620507241,0
1147,1.224640554189682,0
1148,1.2342703104019166,0
1149,5.630287098884582,0
1150,6.431129193305969,0
1151,-0.08027447015047073,0
1152,15.361936902999878,0
1153,12.278377294540405,0
1154,11.565220952033997,0
1155,4.726195526123047,0
1156,7.909120187908411,0
1157,16.002643251419066,0
1158,9.272759175300598,0
1159,18.954374694824217,0
1160,24.520023250579833,0
1161,-0.1268363744020462,0
1162,4.742098665237426,0
1163,5.55814648270607,0
1164,14.859863209724427,0
1165,0.2058992028236389,0
1166,7.030504631996155,0
1167,24.22198066711426,0
1168,10.950686478614807,0
1169,0.18650541305541993,0
1170,2.5116066336631775,0
1171,8.131638360023498,0
1172,7.18348376750946,0
1173,3.032956123352051,0
1174,-0.6930367469787597,0
1175,6.576798725128174,0
1176,-0.4812485188245773,0
1177,1.9757855653762817,0
1178,-0.9495958387851715,0
1179,1.2437819555401801,0
1180,-0.5153406620025635,0
1181,2.8958151817321776,0
1182,2.666890573501587,0
1183,7.865821924805641,0
1184,2.172589659690857,0
1185,2.7657696694135665,0
1186,1.1960071444511413,0
1187,5.920047307014466,0
1188,11.963534235954285,0
1189,6.309523272514343,0
1190,4.47257821559906,0
1191,0.22817461490631102,0
1192,4.927644920349121,0
1193,3.8636380672454833,0
1194,2.5522563219070435,0
1195,3.858262300491333,0
1196,12.54175844192505,0
1197,10.988362884521484,0
1198,5.941562485694885,0
1199,2.078688645362854,0
1200,-1.056856620311737,0
1201,10.789102697372437,0
1202,7.486382913589478,0
1203,3.8525142669677734,0
1204,1.4246106505393983,0
1205,2.2291817545890806,0
1206,0.9298616468906402,0
1207,3.406162920594215,0
1208,0.4751822829246521,0
1209,2.202956521511078,0
1210,6.3512306928634645,0
1211,7.080520677566528,0
1212,5.148422342538834,0
1213,16.334196186065675,0
1214,4.992380627989769,0
1215,16.848246240615843,0
1216,6.006216931343078,0
1217,6.436777281761169,0
1218,26.21669521331787,0
1219,7.657002639770508,0
1220,11.216874980926514,0
1221,2.8380869150161745,0
1222,4.419829064607621,0
1223,5.688083398342132,0
1224,5.910091702640057,0
1225,9.605300533771516,0
1226,8.363770580291748,0
1227,0.3817208409309387,0
1228,3.467349550127983,0
1229,9.817572689056396,0
1230,0.29935709815472367,0
1231,10.215825200080872,0
1232,6.792647171020508,0
1233,3.7735803067684173,0
1234,2.593898320198059,0
1235,17.83161828517914,0
1236,5.782175765931607,0
1237,21.918060028553008,0
1238,6.294758015871048,0
1239,3.0473947644233705,0
1240,17.017333936691283,0
1241,16.39949653595686,0
1242,-1.309843760728836,0
1243,19.330507020652295,0
1244,14.521180844306945,0
1245,0.22351831793785096,0
1246,-0.20726471208035946,0
1247,0.48769015073776245,0
1248,-0.003677114099264145,0
1249,-0.14544994831085206,0
1250,7.058326315879822,0
1251,0.4905248641967773,0
1252,-0.806252509355545,0
1253,3.127731502056122,0
1254,3.624445080757141,0
1255,0.27274082899093627,0
1256,4.519559168815613,0
1257,6.989826035499573,0
1258,0.7867173671722412,0
1259,10.514545774459839,0
1260,-0.48021688759326936,0
1261,-0.16845949441194535,0
1262,10.096798574924469,0
1263,4.163620567321777,0
1264,10.47300033569336,0
1265,2.671217179298401,0
1266,10.948986148834228,0
1267,3.3666917085647583,0
1268,2.1949486434459686,0
1269,6.526973628997803,0
1270,9.19752631187439,0
1271,8.081951189041138,0
1272,5.8996933698654175,0
1273,0.1772610664367676,0
1274,16.602707862854004,0
1275,15.509582328796387,0
1276,15.37444086074829,0
1277,9.66888873577118,0
1278,5.962490177154541,0
1279,12.66690797805786,0
1280,0.10369687080383301,0
1281,5.346155343949794,0
1282,15.212669318914413,0
1283,15.192727605998517,0
1284,2.903526258468628,0
1285,1.689090633392334,0
1286,0.5374997854232788,0
1287,1.124518871307373,0
1288,3.8324476718902587,0
1289,2.8283804655075073,0
1290,4.167082214355469,0
1291,-0.27881966829299926,0
1292,1.6925028324127198,0
1293,2.544410467147827,0
1294,6.662095069885254,0
1295,-0.30791360437870025,0
1296,0.4795920133590698,0
1297,25.394479751586914,0
1298,3.0062812089920046,0
1299,3.960373616218567,0
1300,5.3971009969711305,0
1301,2.9603708028793334,0
1302,12.713113451004029,0
1303,-1.223193311691284,0
1304,1.5259195029735566,0
1305,3.049627423286438,0
1306,1.168568730354309,0
1307,10.63229696750641,0
1308,0.961253821849823,0
1309,-0.3757758729159832,0
1310,11.1287091255188,0
1311,4.469323921203613,0
1312,1.4477367103099823,0
1313,6.674183654785156,0
1314,0.7248749971389771,0
1315,9.581835746765137,0
1316,34.57008018493652,0
1317,5.749928867816925,0
1318,31.95713863372803,0
1319,13.524028706550599,0
1320,3.009719491004944,0
1321,4.51055805683136,0
1322,3.7976288318634035,0
1323,4.402239751815796,0
1324,4.687752532958984,0
1325,2.4716572046279905,0
1326,11.3344069480896,0
1327,4.538889408111572,0
1328,-0.38725746273994444,0
1329,2.2448832273483275,0
1330,0.8382994294166565,0
1331,0.776193380355835,0
1332,4.462560772895813,0
1333,-1.3633044481277465,0
1334,3.5512854933738707,0
1335,13.794375538825989,0
1336,3.7226159811019897,0
1337,14.43292706310749,0
1338,-1.2720690608024596,0
1339,4.814405393600464,0
1340,12.048302459716798,0
1341,6.465364384651184,0
1342,14.917036819458009,0
1343,1.3549256086349488,0
1344,1.7680967807769776,0
1345,-0.9350397489964962,0
1346,9.966367435455322,0
1347,-1.1779067277908326,0
1348,-0.622506958246231,0
1349,10.72969251871109,0
1350,9.976230549812318,0
1351,2.521908938884735,0
1352,6.764004755020141,0
1353,2.229746627807617,0
1354,14.680990600585938,0
1355,13.516077661514283,0
1356,11.648591467738152,0
1357,29.313822517544033,0
1358,6.625760221481324,0
1359,16.713425555825232,0
1360,26.803833961486816,0
1361,3.1093448400497437,0
1362,6.728465247154236,0
1363,6.072395896911621,0
1364,4.292312240600586,0
1365,1.9861341714859009,0
1366,10.695227193832398,0
1367,3.359832264482975,0
1368,10.902787771821021,0
1369,8.059273700788617,0
1370,21.18161087036133,0
1371,12.413563251495361,0
1372,10.530449390411377,0
1373,7.517181348800659,0
1374,12.727664375305176,0
1375,18.139814567565917,0
1376,4.84414324760437,0
1377,3.5529682254884394,0
1378,7.714847135543823,0
1379,9.188624334335326,0
1380,8.155863976478576,0
1381,8.614126539230346,0
1382,10.633640170097351,0
1383,16.876983761787415,0
1384,16.82364523410797,0
1385,23.1637752532959,0
1386,12.0091148853302,0
1387,8.981407046318054,0
1388,8.382024028897286,0
1389,7.520142292976379,0
1390,5.588576149940491,0
1391,4.566471713781357,0
1392,10.21616153717041,0
1393,23.018247985839842,0
1394,3.035587367974222,0
1395,6.230088615417481,0
1396,9.632891845703124,0
1397,1.8198299676179885,0
1398,3.5376983642578126,0
1399,0.28249379992485046,0
1400,9.452965545654298,0
1401,6.815736627578735,0
1402,1.228340595960617,0
1403,0.7185998162254691,0
1404,6.681120157241821,0
1405,0.7840874344110489,0
1406,2.225186800956726,0
1407,1.059422242641449,0
1408,5.547780597209931,0
1409,-0.1587586671113968,0
1410,8.78611364364624,0
1411,10.122430801391602,0
1412,11.227447319030762,0
1413,5.00296311378479,0
1414,10.438585376739502,0
1415,1.9572418451309204,0
1416,2.773788642883301,0
1417,2.7587471485137938,0
1418,-0.3597027465701103,0
1419,2.248520529270172,0
1420,4.639761805534363,0
1421,9.518312692642212,0
1422,6.528451251983642,0
1423,5.377997177839279,0
1424,1.0753655344247819,0
1425,2.1374174803495407,0
1426,3.232869052886963,0
1427,1.4837371826171875,0
1428,4.836575961112976,0
1429,11.289026790857315,0
1430,1.435390567779541,0
1431,2.299207878112793,0
1432,2.3816491425037385,0
1433,2.4269597589969636,0
1434,18.910282826423646,0
1435,7.0683245122432705,0
1436,-0.08908909559249878,0
1437,1.6162657231092452,0
1438,5.913685989379883,0
1439,2.890911340713501,0
1440,1.4396843194961548,0
1441,6.2683213472366335,0
1442,5.381280303001404,0
1443,3.096142792701721,0
1444,-1.1682264804840088,0
1445,5.813467264175415,0
1446,5.876661920547486,0
1447,12.011086702346802,0
1448,11.861114406585694,0
1449,8.971793389320373,0
1450,18.808459424972533,0
1451,12.841899585723876,0
1452,10.727920627593994,0
1453,2.0828522443771362,0
1454,2.0586100220680237,0
1455,3.322318410873413,0
1456,0.6824310123920441,0
1457,1.1085660338401795,0
1458,10.436405277252197,0
1459,1.3016767263412476,0
1460,11.017883789539336,0
1461,7.035215759277344,0
1462,13.854392719268798,0
1463,4.960435009002685,0
1464,12.402692246437073,0
1465,19.669224512577056,0
1466,10.762689876556397,0
1467,8.334168934822083,0
1468,21.191103196144105,0
1469,11.718211317062378,0
1470,2.737145709991455,0
1471,0.5650433301925659,0
1472,1.827031183242798,0
1473,8.688802552223205,0
1474,4.963335418701172,0
1475,3.773673248291016,0
1476,2.456963539123535,0
1477,7.185122871398926,0
1478,3.3396443098783495,0
1479,18.709374690055846,0
1480,5.069515556097031,0
1481,0.3672688573598862,0
1482,13.929938644170761,0
1483,0.748766228556633,0
1484,3.6203559398651124,0
1485,0.9123044967651367,0
1486,7.616344165802002,0
1487,8.396173143386841,0
1488,-0.7970581501722336,0
1489,5.204892301559449,0
1490,0.08183508664369583,0
1491,0.5354350626468658,0
1492,15.987203282117843,0
1493,2.771934485435486,0
1494,24.21934757232666,0
1495,12.168600082397461,0
1496,20.98284034729004,0
1497,6.677082806825638,0
1498,1.8619914293289184,0
1499,0.5050076246261597,0
1500,3.7575907707214355,0
1501,7.8578208684921265,0
1502,25.040954542160033,0
1503,18.773232424259184,0
1504,0.7977312192320823,0
1505,2.4136375427246093,0
1506,3.045931029319763,0
1507,3.8864583015441894,0
1508,2.0343059062957765,0
1509,2.399854302406311,0
1510,18.17292413711548,0
1511,10.122501134872437,0
1512,9.145198559761047,0
1513,-0.30441121459007264,0
1514,12.638451647758483,0
1515,18.172463488578796,0
1516,8.153673362731933,0
1517,0.49905215501785277,0
1518,3.8189488649368286,0
1519,-1.2654001832008361,0
1520,-0.29509425163269043,0
1521,-0.5716551431920379,0
1522,-0.6011040925979614,0
1523,11.938335514068603,0
1524,6.742211064696312,0
1525,1.4578586757183074,0
1526,-0.8463837444782257,0
1527,3.694187617301941,0
1528,7.081902527809143,0
1529,25.768801879882812,0
1530,1.5191385984420775,0
1531,-0.09598784148693085,0
1532,15.621620082855225,0
1533,5.688585424423218,0
1534,3.24412362575531,0
1535,1.6593672275543212,0
1536,1.4559604845941068,0
1537,4.05854509472847,0
1538,3.3122601985931395,0
1539,2.681418800354004,0
1540,0.0472737729549408,0
1541,12.165164232254028,0
1542,7.188388013839722,0
1543,-0.2660287010949105,0
1544,17.130569982528687,0
1545,13.245597076416015,0
1546,1.5145782470703124,0
1547,5.691878771781921,0
1548,0.10502040088176727,0
1549,6.267239481210709,0
1550,5.033054709434509,0
1551,0.7188366293907166,0
1552,5.057191407680511,0
1553,3.607195383310318,0
1554,8.268156099319459,0
1555,10.426114511489867,0
1556,1.4644093275070191,0
1557,0.6006696224212646,0
1558,4.05193943977356,0
1559,8.62751259803772,0
1560,1.850964331626892,0
1561,2.485237109661102,0
1562,-0.01509426236152649,0
1563,-0.5119313970208168,0
1564,11.993343162536622,0
1565,17.560462069511413,0
1566,0.0909138098359108,0
1567,1.9593716859817505,0
1568,3.331146478652954,0
1569,6.934432172775269,0
1570,2.3929046154022218,0
1571,14.623148488998414,0
1572,16.318990468978882,0
1573,5.9599463701248165,0
1574,13.661270403862,0
1575,2.14812970161438,0
1576,3.5482813119888306,0
1577,9.14152126312256,0
1578,2.187123018503189,0
1579,4.809582185745239,0
1580,1.4618009698344394,0
1581,5.511025428771973,0
1582,9.148039817810059,0
1583,6.69928879737854,0
1584,1.411553430557251,0
1585,3.856516456604004,0
1586,2.7708775281906126,0
1587,1.6123254984617232,0
1588,1.943296766281128,0
1589,2.4410021543502807,0
1590,0.38571944683790205,0
1591,8.527904736995698,0
1592,2.9852163314819338,0
1593,2.28998486995697,0
1594,10.251424640417099,0
1595,10.443572330474854,0
1596,16.682000255584718,0
1597,11.01503095626831,0
1598,9.304577159881593,0
1599,4.621057224273682,0
1600,22.750447368621828,0
1601,-0.09788712263107299,0
1602,8.578924369812011,0
1603,11.724552869796753,0
1604,28.21640512943268,0
1605,-0.8573438927531243,0
1606,9.854093933105469,0
1607,10.467814207077026,0
1608,3.7744139671325683,0
1609,1.407820749282837,0
1610,-1.1705902755260467,0
1611,2.900520360469818,0
1612,4.887000513076782,0
1613,1.6177152395248413,0
1614,5.059401178359986,0
1615,7.568268628418446,0
1616,4.7428313255310055,0
1617,0.22207517623901368,0
1618,0.1329771101474762,0
1619,0.31344146430492403,0
1620,5.696604561805725,0
1621,6.47437082529068,0
1622,3.4806126594543456,0
1623,-0.2304898679256439,0
1624,2.325983166694641,0
1625,2.162151837348938,0
1626,0.0015374079346656799,0
1627,6.349891805648804,0
1628,3.336661958694458,0
1629,0.7297128051519394,0
1630,6.103589594364166,0
1631,19.905240178108215,0
1632,15.511254906654358,0
1633,8.173143148422241,0
1634,3.5413194417953493,0
1635,2.5238147020339965,0
1636,7.337165284156799,0
1637,-0.9227374166250228,0
1638,3.312389874458313,0
1639,5.607531309127808,0
1640,-0.6320482164621353,0
1641,1.9926131963729858,0
1642,-0.5263527393341064,0
1643,-1.8274041414260864,0
1644,0.9859403491020202,0
1645,-1.0613148540258408,0
1646,0.785327261686325,0
1647,0.2485749140381813,0
1648,17.429401540756224,0
1649,2.948180079460144,0
1650,-1.326928287744522,0
1651,3.3639721482992173,0
1652,3.218305158615112,0
1653,8.012443470954896,0
1654,-0.050164661416783926,0
1655,6.0411659479141235,0
1656,15.350653028488159,0
1657,8.563714152574539,0
1658,8.13689803481102,0
1659,1.6909162998199463,0
1660,-1.6262561082839966,0
1661,1.8086759805679322,0
1662,0.43015888929367063,0
1663,5.554338836669922,0
1664,14.613085341453552,0
1665,4.80422887802124,0
1666,0.12468704581260681,0
1667,-0.275648820400238,0
1668,0.1428517296910286,0
1669,8.333790731430053,0
1670,4.00711350440979,0
1671,1.3219193190336227,0
1672,2.96706565618515,0
1673,15.481553268432616,0
1674,3.170932984352112,0
1675,7.304000806808472,0
1676,8.063797587156296,0
1677,10.606381714344025,0
1678,14.84906463623047,0
1679,3.7877575159072876,0
1680,2.1321812510490417,0
1681,15.373394709825515,0
1682,33.08756785392761,0
1683,15.777140378952026,0
1684,2.7219890475273134,0
1685,-0.46158084869384763,0
1686,25.682039481401443,0
1687,10.56358847618103,0
1688,4.70085186958313,0
1689,1.5190736927092074,0
1690,3.9196921467781065,0
1691,8.005899262428283,0
1692,1.557424321770668,0
1693,-1.21033833026886,0
1694,4.327052783966065,0
1695,10.651715993881226,0
1696,0.7018404871225357,0
1697,-0.7073568880558014,0
1698,1.7156825065612793,0
1699,-0.505290511250496,0
1700,0.6547286689281464,0
1701,-1.7777181148529053,0
1702,2.8035990476608275,0
1703,13.59356255531311,0
1704,4.240551948547363,0
1705,13.930197429656982,0
1706,2.8400137662887572,0
1707,2.7348278522491456,0
1708,-1.67420494556427,0
1709,-0.712442496418953,0
1710,0.5758812963962555,0
1711,9.914605927467345,0
1712,3.141289994120598,0
1713,1.8999064445495606,0
1714,3.0670731544494627,0
1715,-1.7658716917037964,0
1716,-1.6910913228988647,0
1717,2.9191505193710325,0
1718,0.7000716626644135,0
1719,-1.4115811049938203,0
1720,20.054225611686707,0
1721,2.9339739799499513,0
1722,0.36853320598602296,0
1723,11.680435037612915,0
1724,-0.3083870030939579,0
1725,1.5837882995605468,0
1726,1.0347667932510376,0
1727,5.266115665435791,0
1728,5.994231510162353,0
1729,15.823490071296693,0
1730,2.130790114402771,0
1731,13.23634934425354,0
1732,8.629496121406556,0
1733,5.236384010314941,0
1734,8.307904529571534,0
1735,3.321320652961731,0
1736,10.774188137054443,0
1737,6.146451854705811,0
1738,4.7788138628005985,0
1739,-0.7726846419274807,0
1740,5.0289277076721195,0
1741,3.5692203521728514,0
1742,4.648531579971314,0
1743,4.37195475101471,0
1744,-1.0258681535720826,0
1745,1.7557335197925568,0
1746,-0.009030300378799438,0
1747,0.1923247829079628,0
1748,3.186209261417389,0
1749,16.300686979293822,0
1750,8.66211166381836,0
1751,11.725077438354493,0
1752,8.330970168113708,0
1753,26.989271926879884,0
1754,12.394509887695312,0
1755,4.336300992965699,0
1756,4.854920125007629,0
1757,7.959577989578247,0
1758,-0.20224269330501557,0
1759,3.432265043258667,0
1760,61.87986328601837,0
1761,26.2707720041275,0
1762,3.646970844268799,0
1763,13.085134887695313,0
1764,38.71092643737793,0
1765,18.150692176818847,0
1766,-0.8512526839971543,0
1767,6.3460475444793705,0
1768,1.974180006980896,0
1769,-0.16125696897506714,0
1770,11.041975402832032,0
1771,8.52266185283661,0
1772,7.866688370704651,0
1773,2.8740803718566896,0
1774,10.611114060878753,0
1775,2.1919107675552367,0
1776,4.83223260641098,0
1777,11.654065442085265,0
1778,-0.7516961812973022,0
1779,0.2882114201784134,0
1780,3.0523633480072023,0
1781,2.8897326231002807,0
1782,0.2895928084850311,0
1783,1.7212830305099487,0
1784,0.39925949573516845,0
1785,7.708497548103333,0
1786,3.151058006286621,0
1787,7.62108805179596,0
1788,1.6801701784133911,0
1789,2.2069666385650635,0
1790,9.540987309813499,0
1791,4.022544872760773,0
1792,2.841676378250122,0
1793,6.024147272109985,0
1794,11.038170218467712,0
1795,8.163971281051635,0
1796,10.455089175701142,0
1797,4.1531984187662605,0
1798,5.403253650665283,0
1799,-1.0163769125938416,0
1800,4.6146711826324465,0
1801,1.485841727256775,0
1802,0.7942188739776611,0
1803,-1.3848483979701995,0
1804,1.5273430615663528,0
1805,-0.009747326374053955,0
1806,2.8363698959350585,0
1807,6.597944808006287,0
1808,12.839884185791016,0
1809,43.36050186157227,0
1810,5.580468663573265,0
1811,6.352570056915283,0
1812,2.7905301570892336,0
1813,-0.3069357112050056,0
1814,-1.6143741726875305,0
1815,23.849549436569212,0
1816,3.5105730295181274,0
1817,0.47380857467651366,0
1818,35.54965782165527,0
1819,5.280210018157959,0
1820,1.6048115372657776,0
1821,4.529916197061539,0
1822,8.57162874341011,0
1823,12.172578930854797,0
1824,5.7682881355285645,0
1825,3.977982449531555,0
1826,2.8016847133636475,0
1827,1.0626724481582641,0
1828,0.8008731365203857,0
1829,2.846624970436096,0
1830,12.47891001701355,0
1831,10.636150324344635,0
1832,13.380767560005188,0
1833,9.835869908332825,0
1834,4.4266390085220335,0
1835,12.131596946716309,0
1836,1.8641861379146576,0
1837,1.9728814840316773,0
1838,11.885834240913391,0
1839,-0.3165994226932526,0
1840,1.9327428102493287,0
1841,4.148919987678528,0
1842,6.117150580883026,0
1843,10.572623586654663,0
1844,0.4566202640533447,0
1845,7.802861642837525,0
1846,5.7641771078109745,0
1847,25.432826232910156,0
1848,14.033275985717774,0
1849,6.821348810195923,0
1850,17.39754385948181,0
1851,0.8594600319862366,0
1852,7.112862300872803,0
1853,13.680185079574585,0
1854,16.575815939903258,0
1855,9.697085571289062,0
1856,-0.33634511232376096,0
1857,6.675081515312195,0
1858,2.939315342903137,0
1859,25.30725212097168,0
1860,20.992558670043945,0
1861,5.580461382865906,0
1862,3.592823138833046,0
1863,0.8508263826370239,0
1864,0.8019952774047852,0
1865,1.0952392101287842,0
1866,3.1070063591003416,0
1867,2.4635446071624756,0
1868,-0.9376197775825859,0
1869,4.428137081861496,0
1870,24.45387783050537,0
1871,1.9301332354545593,0
1872,3.263612461090088,0
1873,10.218657851219177,0
1874,9.354721927642823,0
1875,5.478930234909058,0
1876,-0.8701251238584519,0
1877,0.32779203951358793,0
1878,3.3321887731552122,0
1879,3.2579905509948732,0
1880,4.124095129966736,0
1881,6.342155122756958,0
1882,16.808698013424873,0
1883,6.270202565193176,0
1884,-0.16162884458899499,0
1885,5.87594063282013,0
1886,9.865614128112792,0
1887,5.859838700294494,0
1888,-1.681805181503296,0
1889,3.994775390625,0
1890,5.749597406387329,0
1891,5.242696046829224,0
1892,8.907241058349609,0
1893,2.7816323757171633,0
1894,9.976246953010559,0
1895,5.863618159294129,0
1896,-0.7680079281330109,0
1897,6.1672910213470455,0
1898,14.153001928329468,0
1899,12.741307806968688,0
1900,4.907736814022064,0
1901,1.587052297592163,0
1902,3.4060908555984497,0
1903,-0.8576852262020112,0
1904,4.30532306432724,0
1905,13.572835731506348,0
1906,0.9598054051399231,0
1907,5.244051742553711,0
1908,7.198610615730286,0
1909,-0.19133315086364747,0
1910,12.927114558219909,0
1911,3.6458532094955443,0
1912,2.5164069652557375,0
1913,2.7471200227737427,0
1914,7.532106733322143,0
1915,23.1630158662796,0
1916,5.084377551078797,0
1917,20.2378808117006,0
1918,3.43586106300354,0
1919,3.7321467876434324,0
1920,6.0092205286026,0
1921,5.546650457382202,0
1922,1.36284499168396,0
1923,-0.14877558648586273,0
1924,3.0827861607074736,0
1925,2.8065950751304625,0
1926,6.5962440252304075,0
1927,8.86265920996666,0
1928,95.90157012939453,0
1929,105.59435806274413,0
1930,102.9815673828125,0
1931,4.626547336578369,0
1932,1.6594224452972413,0
1933,8.735533118247986,0
1934,22.46857429742813,0
1935,25.874452710151672,0
1936,5.048736353218556,0
1937,12.351459443569183,0
1938,1.3696020305156709,0
1939,4.412236750125885,0
1940,1.488077626377344,0
1941,4.482241916656494,0
1942,2.8285260438919066,0
1943,2.318537139892578,0
1944,4.857847583293915,0
1945,30.294317531585694,0
1946,1.4798767924308778,0
1947,1.0851349592208863,0
1948,1.7703649640083312,0
1949,0.07106084823608398,0
1950,0.6826030317693949,0
1951,5.031562948226929,0
1952,3.85679612159729,0
1953,1.9669214367866517,0
1954,4.575695884227753,0
1955,9.704144096374511,0
1956,10.228661608695983,0
1957,2.3522200107574465,0
1958,14.197570037841796,0
1959,9.174699211120606,0
1960,11.122883892059326,0
1961,9.726532435417175,0
1962,12.471212196350098,0
1963,11.919418430328369,0
1964,3.423624277114868,0
1965,7.209879744052887,0
1966,8.057324492931366,0
1967,10.332746338844299,0
1968,4.187676572799683,0
1969,6.338559579849243,0
1970,5.333174562454223,0
1971,19.662913703918456,0
1972,14.59869658946991,0
1973,3.544339144229889,0
1974,3.5998859643936156,0
1975,2.518773850798607,0
1976,0.4526427388191223,0
1977,6.763939321041107,0
1978,8.138503682613372,0
1979,-0.6734677076339721,0
1980,-0.49666837863624097,0
1981,1.7169678926467895,0
1982,2.217021119594574,0
1983,3.000864064693451,0
1984,2.1215564727783205,0
1985,2.0247644424438476,0
1986,-0.18146018087863922,0
1987,2.4481696605682375,0
1988,6.283527565002442,0
1989,19.47254581451416,0
1990,12.140227127075196,0
1991,2.798990321159363,0
1992,3.936415266990662,0
1993,3.125475537776947,0
1994,-0.5853316053748131,0
1995,2.698352909088135,0
1996,21.211071014404297,0
1997,4.567008543014526,0
1998,4.78378701210022,0
1999,3.3070085525512694,0
2000,6.222700047492981,0
2001,3.1751559495925905,0
2002,0.4766168534755707,0
2003,4.902500200271606,0
2004,7.183631467819214,0
2005,1.790145707130432,0
2006,3.596097993850708,0
2007,6.352748870849609,0
2008,5.0345231056213375,0
2009,5.1080700039863585,0
2010,6.414824658632279,0
2011,14.244619631767273,0
2012,7.940662860870361,0
2013,13.937443923950195,0
2014,0.08341970443725585,0
2015,1.2961946368217467,0
2016,4.779837489128113,0
2017,1.2550116300582885,0
2018,1.3018286943435669,0
2019,9.516304874420166,0
2020,2.1866194128990175,0
2021,2.1190002024173737,0
2022,6.144135427474976,0
2023,0.09474287033081055,0
2024,16.16648712158203,0
2025,24.40137062072754,0
2026,31.817983627319336,0
2027,7.0987833619117735,0
2028,5.478481817245483,0
2029,13.286806058883666,0
2030,0.4314525365829468,0
2031,6.9154698848724365,0
2032,5.306016159057617,0
2033,-0.8151798105333,0
2034,4.965527868270874,0
2035,5.318438625335693,0
2036,3.4466873168945313,0
2037,22.638284111022948,0
2038,4.786572456359863,0
2039,2.7820003032684326,0
2040,1.7916048765182495,0
2041,26.59516887664795,0
2042,-1.137257945537567,0
2043,-0.9788749933242797,0
2044,8.051925015449523,0
2045,1.3926387548446655,0
2046,3.47135648727417,0
2047,4.427692925930023,0
2048,9.454729199409485,0
2049,2.5775822532188615,0
2050,4.156464958190918,0
2051,3.437443844974041,0
2052,27.125458467006684,0
2053,11.221338057518006,0
2054,3.023511405661702,0
2055,2.5432406187057497,0
2056,-0.16217693984508513,0
2057,4.293239283561706,0
2058,1.8214444160461425,0
2059,-0.996247312426567,0
2060,5.258049406856299,0
2061,7.800045800209046,0
2062,6.559958040714264,0
2063,1.268230676651001,0
2064,10.533982515335083,0
2065,9.310968494415283,0
2066,10.468969440460205,0
2067,13.556360051035881,0
2068,1.7741792738437652,0
2069,3.2535409927368164,0
2070,10.27223482131958,0
2071,9.362246179580689,0
2072,8.99202236533165,0
2073,7.3117927551269535,0
2074,12.514006423950196,0
2075,10.713956704735756,0
2076,18.52557544708252,0
2077,16.745008373260497,0
2078,9.597251844406127,0
2079,25.741125869750977,0
2080,25.63613815307617,0
2081,15.538009285926819,0
2082,16.571226755777996,0
2083,28.99852705001831,0
2084,54.80792236328125,0
